{
  "timestamp": "2024-11-24T06:04:09.094Z",
  "data": {
    "0x547a116a2622876ce1c8d19d41c683c8f7bec5c0": {
      "feeApy": 0.0017424739947573542
    },
    "0x52ee1ffba696c5e9b0bc177a9f8a3098420ea691": {
      "feeApy": 0.7535118966771617
    },
    "0x330dfc5bc1a63a1dcf1cd5bc9ad3d5e5e61bcb6c": {
      "feeApy": 395.5180970036793
    },
    "0xfa392dbefd2d5ec891ef5aeb87397a89843a8260": {
      "feeApy": 578.1087907713438
    },
    "0xf08bdbc590c59cb7b27a8d224e419ef058952b5f": {
      "feeApy": 21.33365349719877
    },
    "0x2bcbdd577616357464cfe307bc67f9e820a66e80": {
      "feeApy": 210.5270921297688
    }
  }
}