{
  "timestamp": "2024-11-06T11:03:08.751Z",
  "data": {
    "0x547a116a2622876ce1c8d19d41c683c8f7bec5c0": {
      "feeApy": 0.0007206082872261987
    },
    "0x52ee1ffba696c5e9b0bc177a9f8a3098420ea691": {
      "feeApy": 0.0824793744069674
    },
    "0x330dfc5bc1a63a1dcf1cd5bc9ad3d5e5e61bcb6c": {
      "feeApy": 2.0299491552246116
    },
    "0xfa392dbefd2d5ec891ef5aeb87397a89843a8260": {
      "feeApy": 0.6088655169389154
    },
    "0xf08bdbc590c59cb7b27a8d224e419ef058952b5f": {
      "feeApy": 20.37745985908097
    },
    "0x2bcbdd577616357464cfe307bc67f9e820a66e80": {
      "feeApy": 2.6035348604507518
    }
  }
}