{
  "timestamp": "2025-02-08T13:05:03.045Z",
  "data": {
    "0x547a116a2622876ce1c8d19d41c683c8f7bec5c0": {
      "feeApy": 0.022851333897053294
    },
    "0x52ee1ffba696c5e9b0bc177a9f8a3098420ea691": {
      "feeApy": 0.1351085937269909
    },
    "0x330dfc5bc1a63a1dcf1cd5bc9ad3d5e5e61bcb6c": {
      "feeApy": 3.385283555320089
    },
    "0xfa392dbefd2d5ec891ef5aeb87397a89843a8260": {
      "feeApy": 3.9869557694996987
    },
    "0xf08bdbc590c59cb7b27a8d224e419ef058952b5f": {
      "feeApy": 4133.936374669176
    },
    "0x2bcbdd577616357464cfe307bc67f9e820a66e80": {
      "feeApy": 1.2408416669194198
    }
  }
}