{
  "timestamp": "2025-03-11T02:28:08.038Z",
  "data": {
    "0x547a116a2622876ce1c8d19d41c683c8f7bec5c0": {
      "feeApy": 0.026689278274593553
    },
    "0x52ee1ffba696c5e9b0bc177a9f8a3098420ea691": {
      "feeApy": 1.8053839906538518
    },
    "0x330dfc5bc1a63a1dcf1cd5bc9ad3d5e5e61bcb6c": {
      "feeApy": 2.994114206628306
    },
    "0xfa392dbefd2d5ec891ef5aeb87397a89843a8260": {
      "feeApy": 5.67687299318415
    },
    "0xf08bdbc590c59cb7b27a8d224e419ef058952b5f": {
      "feeApy": 7664.673141886136
    },
    "0x2bcbdd577616357464cfe307bc67f9e820a66e80": {
      "feeApy": 43.176861695513004
    }
  }
}