{
  "timestamp": "2025-03-10T20:03:49.049Z",
  "data": {
    "0x547a116a2622876ce1c8d19d41c683c8f7bec5c0": {
      "feeApy": 0.026981232221363616
    },
    "0x52ee1ffba696c5e9b0bc177a9f8a3098420ea691": {
      "feeApy": 1.4372121336498829
    },
    "0x330dfc5bc1a63a1dcf1cd5bc9ad3d5e5e61bcb6c": {
      "feeApy": 1.8332315462363415
    },
    "0xfa392dbefd2d5ec891ef5aeb87397a89843a8260": {
      "feeApy": 10.063100252751003
    },
    "0xf08bdbc590c59cb7b27a8d224e419ef058952b5f": {
      "feeApy": 7065.137515029547
    },
    "0x2bcbdd577616357464cfe307bc67f9e820a66e80": {
      "feeApy": 52.71012897609318
    }
  }
}