{
  "timestamp": "2024-12-13T16:04:11.958Z",
  "data": {
    "0x547a116a2622876ce1c8d19d41c683c8f7bec5c0": {
      "feeApy": 0.08219600154064732
    },
    "0x52ee1ffba696c5e9b0bc177a9f8a3098420ea691": {
      "feeApy": 0.3932948068046924
    },
    "0x330dfc5bc1a63a1dcf1cd5bc9ad3d5e5e61bcb6c": {
      "feeApy": 46.402760028276525
    },
    "0xfa392dbefd2d5ec891ef5aeb87397a89843a8260": {
      "feeApy": 5410.32445170516
    },
    "0xf08bdbc590c59cb7b27a8d224e419ef058952b5f": {
      "feeApy": 71.23122411620419
    },
    "0x2bcbdd577616357464cfe307bc67f9e820a66e80": {
      "feeApy": 31.356591139839153
    }
  }
}