{
  "timestamp": "2025-02-21T21:03:10.602Z",
  "data": {
    "0x547a116a2622876ce1c8d19d41c683c8f7bec5c0": {
      "feeApy": 0.02248351671280191
    },
    "0x52ee1ffba696c5e9b0bc177a9f8a3098420ea691": {
      "feeApy": 0.38807326883002635
    },
    "0x330dfc5bc1a63a1dcf1cd5bc9ad3d5e5e61bcb6c": {
      "feeApy": 1.8870610948365294
    },
    "0xfa392dbefd2d5ec891ef5aeb87397a89843a8260": {
      "feeApy": 7.667084634567793
    },
    "0xf08bdbc590c59cb7b27a8d224e419ef058952b5f": {
      "feeApy": 3.4868316815943583
    },
    "0x2bcbdd577616357464cfe307bc67f9e820a66e80": {
      "feeApy": 43.227305480611584
    }
  }
}