{
  "timestamp": "2024-12-09T16:04:20.080Z",
  "data": {
    "0x547a116a2622876ce1c8d19d41c683c8f7bec5c0": {
      "feeApy": 0.17949833520645697
    },
    "0x52ee1ffba696c5e9b0bc177a9f8a3098420ea691": {
      "feeApy": 0.08735161172601069
    },
    "0x330dfc5bc1a63a1dcf1cd5bc9ad3d5e5e61bcb6c": {
      "feeApy": 2.9929569211456153
    },
    "0xfa392dbefd2d5ec891ef5aeb87397a89843a8260": {
      "feeApy": 2479.2754016934496
    },
    "0xf08bdbc590c59cb7b27a8d224e419ef058952b5f": {
      "feeApy": 207187.25112799933
    },
    "0x2bcbdd577616357464cfe307bc67f9e820a66e80": {
      "feeApy": 12.449275634517473
    }
  }
}