{
  "timestamp": "2025-03-04T20:03:45.501Z",
  "data": {
    "0x547a116a2622876ce1c8d19d41c683c8f7bec5c0": {
      "feeApy": 0.0067514451206514
    },
    "0x52ee1ffba696c5e9b0bc177a9f8a3098420ea691": {
      "feeApy": 0.7443046401317244
    },
    "0x330dfc5bc1a63a1dcf1cd5bc9ad3d5e5e61bcb6c": {
      "feeApy": 2.617204079886396
    },
    "0xfa392dbefd2d5ec891ef5aeb87397a89843a8260": {
      "feeApy": 4.256550574164555
    },
    "0xf08bdbc590c59cb7b27a8d224e419ef058952b5f": {
      "feeApy": 14457026.365032401
    },
    "0x2bcbdd577616357464cfe307bc67f9e820a66e80": {
      "feeApy": 7.100789880275148
    }
  }
}