{
  "timestamp": "2024-12-09T19:03:08.420Z",
  "data": {
    "0x547a116a2622876ce1c8d19d41c683c8f7bec5c0": {
      "feeApy": 0.1691944875062219
    },
    "0x52ee1ffba696c5e9b0bc177a9f8a3098420ea691": {
      "feeApy": 0.1022835578725807
    },
    "0x330dfc5bc1a63a1dcf1cd5bc9ad3d5e5e61bcb6c": {
      "feeApy": 3.5281078435042525
    },
    "0xfa392dbefd2d5ec891ef5aeb87397a89843a8260": {
      "feeApy": 2254.1275583685183
    },
    "0xf08bdbc590c59cb7b27a8d224e419ef058952b5f": {
      "feeApy": 12681.255034763031
    },
    "0x2bcbdd577616357464cfe307bc67f9e820a66e80": {
      "feeApy": 9.293483831540211
    }
  }
}