{
  "timestamp": "2024-11-07T09:03:17.717Z",
  "data": {
    "0x547a116a2622876ce1c8d19d41c683c8f7bec5c0": {
      "feeApy": 0.17188248894615699
    },
    "0x52ee1ffba696c5e9b0bc177a9f8a3098420ea691": {
      "feeApy": 0.6812975001585657
    },
    "0x330dfc5bc1a63a1dcf1cd5bc9ad3d5e5e61bcb6c": {
      "feeApy": 3.5533656534699096
    },
    "0xfa392dbefd2d5ec891ef5aeb87397a89843a8260": {
      "feeApy": 0.7716541823568117
    },
    "0xf08bdbc590c59cb7b27a8d224e419ef058952b5f": {
      "feeApy": 52.90671841388494
    },
    "0x2bcbdd577616357464cfe307bc67f9e820a66e80": {
      "feeApy": 10202.765308293825
    }
  }
}