{
  "timestamp": "2024-11-06T17:03:08.480Z",
  "data": {
    "0x547a116a2622876ce1c8d19d41c683c8f7bec5c0": {
      "feeApy": 0.14895226663476513
    },
    "0x52ee1ffba696c5e9b0bc177a9f8a3098420ea691": {
      "feeApy": 0.15332332957233796
    },
    "0x330dfc5bc1a63a1dcf1cd5bc9ad3d5e5e61bcb6c": {
      "feeApy": 2.5856885493880997
    },
    "0xfa392dbefd2d5ec891ef5aeb87397a89843a8260": {
      "feeApy": 0.5619723669962249
    },
    "0xf08bdbc590c59cb7b27a8d224e419ef058952b5f": {
      "feeApy": 95.24361977589287
    },
    "0x2bcbdd577616357464cfe307bc67f9e820a66e80": {
      "feeApy": 280.11440149077663
    }
  }
}