{
  "timestamp": "2024-12-05T04:04:21.874Z",
  "data": {
    "0x547a116a2622876ce1c8d19d41c683c8f7bec5c0": {
      "feeApy": 0.28778139150292614
    },
    "0x52ee1ffba696c5e9b0bc177a9f8a3098420ea691": {
      "feeApy": 0.40811448270923
    },
    "0x330dfc5bc1a63a1dcf1cd5bc9ad3d5e5e61bcb6c": {
      "feeApy": 43.942464851606815
    },
    "0xfa392dbefd2d5ec891ef5aeb87397a89843a8260": {
      "feeApy": 2626.67959512336
    },
    "0xf08bdbc590c59cb7b27a8d224e419ef058952b5f": {
      "feeApy": 49.68143367326512
    },
    "0x2bcbdd577616357464cfe307bc67f9e820a66e80": {
      "feeApy": 34.603805598341644
    }
  }
}