{
  "timestamp": "2024-11-27T22:03:21.282Z",
  "data": {
    "0x547a116a2622876ce1c8d19d41c683c8f7bec5c0": {
      "feeApy": 0.010844797765482195
    },
    "0x52ee1ffba696c5e9b0bc177a9f8a3098420ea691": {
      "feeApy": 2.2368268373659066
    },
    "0x330dfc5bc1a63a1dcf1cd5bc9ad3d5e5e61bcb6c": {
      "feeApy": 68.96619209970929
    },
    "0xfa392dbefd2d5ec891ef5aeb87397a89843a8260": {
      "feeApy": 27.530684537058168
    },
    "0xf08bdbc590c59cb7b27a8d224e419ef058952b5f": {
      "feeApy": 5878.174375662345
    },
    "0x2bcbdd577616357464cfe307bc67f9e820a66e80": {
      "feeApy": 14.768868056491536
    }
  }
}