{
  "timestamp": "2025-03-23T20:03:39.949Z",
  "data": {
    "0x547a116a2622876ce1c8d19d41c683c8f7bec5c0": {
      "feeApy": 0.004463293330085216
    },
    "0x52ee1ffba696c5e9b0bc177a9f8a3098420ea691": {
      "feeApy": 0.7941543646545306
    },
    "0x330dfc5bc1a63a1dcf1cd5bc9ad3d5e5e61bcb6c": {
      "feeApy": 0.37469724077741406
    },
    "0xfa392dbefd2d5ec891ef5aeb87397a89843a8260": {
      "feeApy": 0.3931360536582562
    },
    "0xf08bdbc590c59cb7b27a8d224e419ef058952b5f": {
      "feeApy": 1.6709249190247473
    },
    "0x2bcbdd577616357464cfe307bc67f9e820a66e80": {
      "feeApy": 8.270783025070507
    }
  }
}