{
  "timestamp": "2024-12-09T09:04:14.523Z",
  "data": {
    "0x547a116a2622876ce1c8d19d41c683c8f7bec5c0": {
      "feeApy": 0.11693292984686332
    },
    "0x52ee1ffba696c5e9b0bc177a9f8a3098420ea691": {
      "feeApy": 0.06484549746810697
    },
    "0x330dfc5bc1a63a1dcf1cd5bc9ad3d5e5e61bcb6c": {
      "feeApy": 1.4549110201800026
    },
    "0xfa392dbefd2d5ec891ef5aeb87397a89843a8260": {
      "feeApy": 1357.088721705058
    },
    "0xf08bdbc590c59cb7b27a8d224e419ef058952b5f": {
      "feeApy": 174287.50780501968
    },
    "0x2bcbdd577616357464cfe307bc67f9e820a66e80": {
      "feeApy": 33.64472777503103
    }
  }
}