{
  "timestamp": "2024-11-19T19:03:14.438Z",
  "data": {
    "0x547a116a2622876ce1c8d19d41c683c8f7bec5c0": {
      "feeApy": 0.32846806870500744
    },
    "0x52ee1ffba696c5e9b0bc177a9f8a3098420ea691": {
      "feeApy": 0.27958642799776134
    },
    "0x330dfc5bc1a63a1dcf1cd5bc9ad3d5e5e61bcb6c": {
      "feeApy": 23.35210011516015
    },
    "0xfa392dbefd2d5ec891ef5aeb87397a89843a8260": {
      "feeApy": 13.757942471592072
    },
    "0xf08bdbc590c59cb7b27a8d224e419ef058952b5f": {
      "feeApy": 151.28447763136927
    },
    "0x2bcbdd577616357464cfe307bc67f9e820a66e80": {
      "feeApy": 6.974847543342573
    }
  }
}