{
  "timestamp": "2024-12-13T15:03:32.220Z",
  "data": {
    "0x547a116a2622876ce1c8d19d41c683c8f7bec5c0": {
      "feeApy": 0.08301260431527502
    },
    "0x52ee1ffba696c5e9b0bc177a9f8a3098420ea691": {
      "feeApy": 0.39235784962084574
    },
    "0x330dfc5bc1a63a1dcf1cd5bc9ad3d5e5e61bcb6c": {
      "feeApy": 42.502949458635996
    },
    "0xfa392dbefd2d5ec891ef5aeb87397a89843a8260": {
      "feeApy": 4887.914846034578
    },
    "0xf08bdbc590c59cb7b27a8d224e419ef058952b5f": {
      "feeApy": 116.6823774612509
    },
    "0x2bcbdd577616357464cfe307bc67f9e820a66e80": {
      "feeApy": 30.527691048930418
    }
  }
}