{
  "timestamp": "2024-12-05T09:03:53.942Z",
  "data": {
    "0x547a116a2622876ce1c8d19d41c683c8f7bec5c0": {
      "feeApy": 0.1579356050560683
    },
    "0x52ee1ffba696c5e9b0bc177a9f8a3098420ea691": {
      "feeApy": 0.7550727553954177
    },
    "0x330dfc5bc1a63a1dcf1cd5bc9ad3d5e5e61bcb6c": {
      "feeApy": 51.01193515259258
    },
    "0xfa392dbefd2d5ec891ef5aeb87397a89843a8260": {
      "feeApy": 7770.12930771617
    },
    "0xf08bdbc590c59cb7b27a8d224e419ef058952b5f": {
      "feeApy": 48.94047300923676
    },
    "0x2bcbdd577616357464cfe307bc67f9e820a66e80": {
      "feeApy": 91.89242840958096
    }
  }
}