{
  "timestamp": "2024-11-27T23:03:28.379Z",
  "data": {
    "0x547a116a2622876ce1c8d19d41c683c8f7bec5c0": {
      "feeApy": 0.010844671572197484
    },
    "0x52ee1ffba696c5e9b0bc177a9f8a3098420ea691": {
      "feeApy": 2.244583198114671
    },
    "0x330dfc5bc1a63a1dcf1cd5bc9ad3d5e5e61bcb6c": {
      "feeApy": 78.07021207880298
    },
    "0xfa392dbefd2d5ec891ef5aeb87397a89843a8260": {
      "feeApy": 32.79045193741146
    },
    "0xf08bdbc590c59cb7b27a8d224e419ef058952b5f": {
      "feeApy": 6305.373441703542
    },
    "0x2bcbdd577616357464cfe307bc67f9e820a66e80": {
      "feeApy": 15.53836634022285
    }
  }
}