{
  "timestamp": "2024-12-14T14:03:01.946Z",
  "data": {
    "0x547a116a2622876ce1c8d19d41c683c8f7bec5c0": {
      "feeApy": 0.05047259395886261
    },
    "0x52ee1ffba696c5e9b0bc177a9f8a3098420ea691": {
      "feeApy": 0.1821359564850964
    },
    "0x330dfc5bc1a63a1dcf1cd5bc9ad3d5e5e61bcb6c": {
      "feeApy": 7.394891673685686
    },
    "0xfa392dbefd2d5ec891ef5aeb87397a89843a8260": {
      "feeApy": 32.60492426138942
    },
    "0xf08bdbc590c59cb7b27a8d224e419ef058952b5f": {
      "feeApy": 37.13433094264778
    },
    "0x2bcbdd577616357464cfe307bc67f9e820a66e80": {
      "feeApy": 16.74860912005538
    }
  }
}