{
  "timestamp": "2024-12-06T17:03:33.103Z",
  "data": {
    "0x547a116a2622876ce1c8d19d41c683c8f7bec5c0": {
      "feeApy": 0.265614540952535
    },
    "0x52ee1ffba696c5e9b0bc177a9f8a3098420ea691": {
      "feeApy": 0.3220544401896339
    },
    "0x330dfc5bc1a63a1dcf1cd5bc9ad3d5e5e61bcb6c": {
      "feeApy": 21.982199591818187
    },
    "0xfa392dbefd2d5ec891ef5aeb87397a89843a8260": {
      "feeApy": 237.66643144213492
    },
    "0xf08bdbc590c59cb7b27a8d224e419ef058952b5f": {
      "feeApy": 12.064851889860583
    },
    "0x2bcbdd577616357464cfe307bc67f9e820a66e80": {
      "feeApy": 22.672519586094946
    }
  }
}