{
  "timestamp": "2025-03-03T10:03:57.772Z",
  "data": {
    "0x547a116a2622876ce1c8d19d41c683c8f7bec5c0": {
      "feeApy": 0.007463738288460808
    },
    "0x52ee1ffba696c5e9b0bc177a9f8a3098420ea691": {
      "feeApy": 3.081527786654508
    },
    "0x330dfc5bc1a63a1dcf1cd5bc9ad3d5e5e61bcb6c": {
      "feeApy": 3.4047912176447523
    },
    "0xfa392dbefd2d5ec891ef5aeb87397a89843a8260": {
      "feeApy": 133.9645153936446
    },
    "0xf08bdbc590c59cb7b27a8d224e419ef058952b5f": {
      "feeApy": 104.94638613200763
    },
    "0x2bcbdd577616357464cfe307bc67f9e820a66e80": {
      "feeApy": 4.55705177054383
    }
  }
}