{
  "timestamp": "2024-12-05T18:04:14.377Z",
  "data": {
    "0x547a116a2622876ce1c8d19d41c683c8f7bec5c0": {
      "feeApy": 0.1533432544938198
    },
    "0x52ee1ffba696c5e9b0bc177a9f8a3098420ea691": {
      "feeApy": 0.9462190898235339
    },
    "0x330dfc5bc1a63a1dcf1cd5bc9ad3d5e5e61bcb6c": {
      "feeApy": 17.879649856909936
    },
    "0xfa392dbefd2d5ec891ef5aeb87397a89843a8260": {
      "feeApy": 3686.8573186045505
    },
    "0xf08bdbc590c59cb7b27a8d224e419ef058952b5f": {
      "feeApy": 4.366213093948964
    },
    "0x2bcbdd577616357464cfe307bc67f9e820a66e80": {
      "feeApy": 85.67957813690285
    }
  }
}