{
  "timestamp": "2024-11-17T16:03:25.177Z",
  "data": {
    "0x547a116a2622876ce1c8d19d41c683c8f7bec5c0": {
      "feeApy": 0.05296270124432678
    },
    "0x52ee1ffba696c5e9b0bc177a9f8a3098420ea691": {
      "feeApy": 0.18237968387811598
    },
    "0x330dfc5bc1a63a1dcf1cd5bc9ad3d5e5e61bcb6c": {
      "feeApy": 94.55885456298135
    },
    "0xfa392dbefd2d5ec891ef5aeb87397a89843a8260": {
      "feeApy": 2.783017896790406
    },
    "0xf08bdbc590c59cb7b27a8d224e419ef058952b5f": {
      "feeApy": 2.4468164081299792
    },
    "0x2bcbdd577616357464cfe307bc67f9e820a66e80": {
      "feeApy": 20.023186461380586
    }
  }
}