{
  "timestamp": "2025-03-07T17:03:16.775Z",
  "data": {
    "0x547a116a2622876ce1c8d19d41c683c8f7bec5c0": {
      "feeApy": 0.12678385158873273
    },
    "0x52ee1ffba696c5e9b0bc177a9f8a3098420ea691": {
      "feeApy": 0.27961645232944643
    },
    "0x330dfc5bc1a63a1dcf1cd5bc9ad3d5e5e61bcb6c": {
      "feeApy": 1.7541756835314093
    },
    "0xfa392dbefd2d5ec891ef5aeb87397a89843a8260": {
      "feeApy": 121.39188733480431
    },
    "0xf08bdbc590c59cb7b27a8d224e419ef058952b5f": {
      "feeApy": 430.19017101754076
    },
    "0x2bcbdd577616357464cfe307bc67f9e820a66e80": {
      "feeApy": 4.440751306006142
    }
  }
}