{
  "timestamp": "2024-11-22T12:05:49.787Z",
  "data": {
    "0x547a116a2622876ce1c8d19d41c683c8f7bec5c0": {
      "feeApy": 0.018380080694899492
    },
    "0x52ee1ffba696c5e9b0bc177a9f8a3098420ea691": {
      "feeApy": 1.5696861093857848
    },
    "0x330dfc5bc1a63a1dcf1cd5bc9ad3d5e5e61bcb6c": {
      "feeApy": 778.4874870386598
    },
    "0xfa392dbefd2d5ec891ef5aeb87397a89843a8260": {
      "feeApy": 6.683524583312653
    },
    "0xf08bdbc590c59cb7b27a8d224e419ef058952b5f": {
      "feeApy": 8.390639169223308
    },
    "0x2bcbdd577616357464cfe307bc67f9e820a66e80": {
      "feeApy": 7.896281248123328
    }
  }
}