{
  "timestamp": "2025-03-10T15:03:50.095Z",
  "data": {
    "0x547a116a2622876ce1c8d19d41c683c8f7bec5c0": {
      "feeApy": 0.026983384026974644
    },
    "0x52ee1ffba696c5e9b0bc177a9f8a3098420ea691": {
      "feeApy": 1.6084562192242027
    },
    "0x330dfc5bc1a63a1dcf1cd5bc9ad3d5e5e61bcb6c": {
      "feeApy": 1.1068017535061703
    },
    "0xfa392dbefd2d5ec891ef5aeb87397a89843a8260": {
      "feeApy": 5.290070736050995
    },
    "0xf08bdbc590c59cb7b27a8d224e419ef058952b5f": {
      "feeApy": 650.1207939056904
    },
    "0x2bcbdd577616357464cfe307bc67f9e820a66e80": {
      "feeApy": 35.24034581754365
    }
  }
}