{
  "timestamp": "2025-02-28T07:03:41.502Z",
  "data": {
    "0x547a116a2622876ce1c8d19d41c683c8f7bec5c0": {
      "feeApy": 0.014472150418556096
    },
    "0x52ee1ffba696c5e9b0bc177a9f8a3098420ea691": {
      "feeApy": 0.20352219339873945
    },
    "0x330dfc5bc1a63a1dcf1cd5bc9ad3d5e5e61bcb6c": {
      "feeApy": 1.649959055324456
    },
    "0xfa392dbefd2d5ec891ef5aeb87397a89843a8260": {
      "feeApy": 1.3508657795047703
    },
    "0xf08bdbc590c59cb7b27a8d224e419ef058952b5f": {
      "feeApy": 1.1477527358623947
    },
    "0x2bcbdd577616357464cfe307bc67f9e820a66e80": {
      "feeApy": 2.5931271194852656
    }
  }
}