{
  "timestamp": "2024-11-07T00:13:25.503Z",
  "data": {
    "0x547a116a2622876ce1c8d19d41c683c8f7bec5c0": {
      "feeApy": 0.17154081580734326
    },
    "0x52ee1ffba696c5e9b0bc177a9f8a3098420ea691": {
      "feeApy": 0.24664693740753418
    },
    "0x330dfc5bc1a63a1dcf1cd5bc9ad3d5e5e61bcb6c": {
      "feeApy": 3.7898177625611558
    },
    "0xfa392dbefd2d5ec891ef5aeb87397a89843a8260": {
      "feeApy": 0.8973064816784837
    },
    "0xf08bdbc590c59cb7b27a8d224e419ef058952b5f": {
      "feeApy": 132.05904903481755
    },
    "0x2bcbdd577616357464cfe307bc67f9e820a66e80": {
      "feeApy": 857.9826939284133
    }
  }
}