{
  "timestamp": "2025-02-09T06:03:54.234Z",
  "data": {
    "0x547a116a2622876ce1c8d19d41c683c8f7bec5c0": {
      "feeApy": 0.022302940720754005
    },
    "0x52ee1ffba696c5e9b0bc177a9f8a3098420ea691": {
      "feeApy": 0.12035381450769678
    },
    "0x330dfc5bc1a63a1dcf1cd5bc9ad3d5e5e61bcb6c": {
      "feeApy": 1.876023864570171
    },
    "0xfa392dbefd2d5ec891ef5aeb87397a89843a8260": {
      "feeApy": 1.1506791534377898
    },
    "0xf08bdbc590c59cb7b27a8d224e419ef058952b5f": {
      "feeApy": 445415533467.1459
    },
    "0x2bcbdd577616357464cfe307bc67f9e820a66e80": {
      "feeApy": 6.7027463680429324
    }
  }
}