{
  "timestamp": "2025-03-21T09:03:43.919Z",
  "data": {
    "0x547a116a2622876ce1c8d19d41c683c8f7bec5c0": {
      "feeApy": 0.0034433328580238953
    },
    "0x52ee1ffba696c5e9b0bc177a9f8a3098420ea691": {
      "feeApy": 0.5497684935854557
    },
    "0x330dfc5bc1a63a1dcf1cd5bc9ad3d5e5e61bcb6c": {
      "feeApy": 0.4353713630254483
    },
    "0xfa392dbefd2d5ec891ef5aeb87397a89843a8260": {
      "feeApy": 0.7055324511281349
    },
    "0xf08bdbc590c59cb7b27a8d224e419ef058952b5f": {
      "feeApy": 13.243237938124738
    },
    "0x2bcbdd577616357464cfe307bc67f9e820a66e80": {
      "feeApy": 13.174197033941864
    }
  }
}