{
  "timestamp": "2024-12-09T20:04:07.168Z",
  "data": {
    "0x547a116a2622876ce1c8d19d41c683c8f7bec5c0": {
      "feeApy": 0.16669988537396652
    },
    "0x52ee1ffba696c5e9b0bc177a9f8a3098420ea691": {
      "feeApy": 0.11420303258253628
    },
    "0x330dfc5bc1a63a1dcf1cd5bc9ad3d5e5e61bcb6c": {
      "feeApy": 3.7538420993206794
    },
    "0xfa392dbefd2d5ec891ef5aeb87397a89843a8260": {
      "feeApy": 1950.8118229761253
    },
    "0xf08bdbc590c59cb7b27a8d224e419ef058952b5f": {
      "feeApy": 12074.063509997979
    },
    "0x2bcbdd577616357464cfe307bc67f9e820a66e80": {
      "feeApy": 8.178354316109662
    }
  }
}