{
  "timestamp": "2024-12-06T18:04:22.533Z",
  "data": {
    "0x547a116a2622876ce1c8d19d41c683c8f7bec5c0": {
      "feeApy": 0.26551392038863186
    },
    "0x52ee1ffba696c5e9b0bc177a9f8a3098420ea691": {
      "feeApy": 0.31342613544927334
    },
    "0x330dfc5bc1a63a1dcf1cd5bc9ad3d5e5e61bcb6c": {
      "feeApy": 24.92155817960408
    },
    "0xfa392dbefd2d5ec891ef5aeb87397a89843a8260": {
      "feeApy": 262.32549999155395
    },
    "0xf08bdbc590c59cb7b27a8d224e419ef058952b5f": {
      "feeApy": 13.53768784173363
    },
    "0x2bcbdd577616357464cfe307bc67f9e820a66e80": {
      "feeApy": 22.085667473389794
    }
  }
}