{
  "timestamp": "2025-02-21T17:03:06.414Z",
  "data": {
    "0x547a116a2622876ce1c8d19d41c683c8f7bec5c0": {
      "feeApy": 0.021794066025080605
    },
    "0x52ee1ffba696c5e9b0bc177a9f8a3098420ea691": {
      "feeApy": 0.3535784192884599
    },
    "0x330dfc5bc1a63a1dcf1cd5bc9ad3d5e5e61bcb6c": {
      "feeApy": 1.7396113984841879
    },
    "0xfa392dbefd2d5ec891ef5aeb87397a89843a8260": {
      "feeApy": 5.228320759364549
    },
    "0xf08bdbc590c59cb7b27a8d224e419ef058952b5f": {
      "feeApy": 2.8743655154803265
    },
    "0x2bcbdd577616357464cfe307bc67f9e820a66e80": {
      "feeApy": 31.54518666851468
    }
  }
}