{
  "timestamp": "2024-11-26T18:04:24.757Z",
  "data": {
    "0x547a116a2622876ce1c8d19d41c683c8f7bec5c0": {
      "feeApy": 0.0014665356164982324
    },
    "0x52ee1ffba696c5e9b0bc177a9f8a3098420ea691": {
      "feeApy": 1.468897615109837
    },
    "0x330dfc5bc1a63a1dcf1cd5bc9ad3d5e5e61bcb6c": {
      "feeApy": 515.9600602963442
    },
    "0xfa392dbefd2d5ec891ef5aeb87397a89843a8260": {
      "feeApy": 5.37534649107097
    },
    "0xf08bdbc590c59cb7b27a8d224e419ef058952b5f": {
      "feeApy": 9.446802296613772
    },
    "0x2bcbdd577616357464cfe307bc67f9e820a66e80": {
      "feeApy": 4.171825419829066
    }
  }
}