{
  "timestamp": "2024-11-23T18:04:03.799Z",
  "data": {
    "0x547a116a2622876ce1c8d19d41c683c8f7bec5c0": {
      "feeApy": 0.025092636448782457
    },
    "0x52ee1ffba696c5e9b0bc177a9f8a3098420ea691": {
      "feeApy": 0.8395382116621009
    },
    "0x330dfc5bc1a63a1dcf1cd5bc9ad3d5e5e61bcb6c": {
      "feeApy": 235.3441471598288
    },
    "0xfa392dbefd2d5ec891ef5aeb87397a89843a8260": {
      "feeApy": 190.9279910501107
    },
    "0xf08bdbc590c59cb7b27a8d224e419ef058952b5f": {
      "feeApy": 6.75729837927997
    },
    "0x2bcbdd577616357464cfe307bc67f9e820a66e80": {
      "feeApy": 81.6900093782221
    }
  }
}