{
  "timestamp": "2024-11-28T02:29:43.776Z",
  "data": {
    "0x547a116a2622876ce1c8d19d41c683c8f7bec5c0": {
      "feeApy": 0.010537129375551624
    },
    "0x52ee1ffba696c5e9b0bc177a9f8a3098420ea691": {
      "feeApy": 2.1599807012878642
    },
    "0x330dfc5bc1a63a1dcf1cd5bc9ad3d5e5e61bcb6c": {
      "feeApy": 236.66901288831588
    },
    "0xfa392dbefd2d5ec891ef5aeb87397a89843a8260": {
      "feeApy": 37.737569510793406
    },
    "0xf08bdbc590c59cb7b27a8d224e419ef058952b5f": {
      "feeApy": 9634.630386551034
    },
    "0x2bcbdd577616357464cfe307bc67f9e820a66e80": {
      "feeApy": 16.19104881360014
    }
  }
}