{
  "timestamp": "2024-11-21T21:03:17.512Z",
  "data": {
    "0x547a116a2622876ce1c8d19d41c683c8f7bec5c0": {
      "feeApy": 0.021705147272923053
    },
    "0x52ee1ffba696c5e9b0bc177a9f8a3098420ea691": {
      "feeApy": 0.7663160227927162
    },
    "0x330dfc5bc1a63a1dcf1cd5bc9ad3d5e5e61bcb6c": {
      "feeApy": 414.4125270688367
    },
    "0xfa392dbefd2d5ec891ef5aeb87397a89843a8260": {
      "feeApy": 3.9840182075041444
    },
    "0xf08bdbc590c59cb7b27a8d224e419ef058952b5f": {
      "feeApy": 45.07566757241719
    },
    "0x2bcbdd577616357464cfe307bc67f9e820a66e80": {
      "feeApy": 23.98382090120762
    }
  }
}