{
  "timestamp": "2024-12-09T01:31:22.494Z",
  "data": {
    "0x547a116a2622876ce1c8d19d41c683c8f7bec5c0": {
      "feeApy": 0.1124185841752876
    },
    "0x52ee1ffba696c5e9b0bc177a9f8a3098420ea691": {
      "feeApy": 0.039478986367856184
    },
    "0x330dfc5bc1a63a1dcf1cd5bc9ad3d5e5e61bcb6c": {
      "feeApy": 1.2201381281126675
    },
    "0xfa392dbefd2d5ec891ef5aeb87397a89843a8260": {
      "feeApy": 24.860315620485665
    },
    "0xf08bdbc590c59cb7b27a8d224e419ef058952b5f": {
      "feeApy": 79653.13469294683
    },
    "0x2bcbdd577616357464cfe307bc67f9e820a66e80": {
      "feeApy": 151.5440532678395
    }
  }
}