{
  "timestamp": "2025-03-23T07:03:16.333Z",
  "data": {
    "0x547a116a2622876ce1c8d19d41c683c8f7bec5c0": {
      "feeApy": 0.058106349080620845
    },
    "0x52ee1ffba696c5e9b0bc177a9f8a3098420ea691": {
      "feeApy": 0.34055357884931947
    },
    "0x330dfc5bc1a63a1dcf1cd5bc9ad3d5e5e61bcb6c": {
      "feeApy": 0.37165136234320983
    },
    "0xfa392dbefd2d5ec891ef5aeb87397a89843a8260": {
      "feeApy": 0.3282346492970285
    },
    "0xf08bdbc590c59cb7b27a8d224e419ef058952b5f": {
      "feeApy": 2.4049212500471175
    },
    "0x2bcbdd577616357464cfe307bc67f9e820a66e80": {
      "feeApy": 5.326987616448171
    }
  }
}