{
  "timestamp": "2024-12-14T06:04:09.167Z",
  "data": {
    "0x547a116a2622876ce1c8d19d41c683c8f7bec5c0": {
      "feeApy": 0.05798459969295555
    },
    "0x52ee1ffba696c5e9b0bc177a9f8a3098420ea691": {
      "feeApy": 0.22458035733840553
    },
    "0x330dfc5bc1a63a1dcf1cd5bc9ad3d5e5e61bcb6c": {
      "feeApy": 15.882156229415891
    },
    "0xfa392dbefd2d5ec891ef5aeb87397a89843a8260": {
      "feeApy": 36.44075999680129
    },
    "0xf08bdbc590c59cb7b27a8d224e419ef058952b5f": {
      "feeApy": 74.30936194057134
    },
    "0x2bcbdd577616357464cfe307bc67f9e820a66e80": {
      "feeApy": 24.07883969887034
    }
  }
}