{
  "timestamp": "2025-01-18T07:02:54.886Z",
  "data": {
    "0x547a116a2622876ce1c8d19d41c683c8f7bec5c0": {
      "feeApy": 0.15286061607333234
    },
    "0x52ee1ffba696c5e9b0bc177a9f8a3098420ea691": {
      "feeApy": 0.1891619280796646
    },
    "0x330dfc5bc1a63a1dcf1cd5bc9ad3d5e5e61bcb6c": {
      "feeApy": 3.1358840714398504
    },
    "0xfa392dbefd2d5ec891ef5aeb87397a89843a8260": {
      "feeApy": 5.780628838251021
    },
    "0xf08bdbc590c59cb7b27a8d224e419ef058952b5f": {
      "feeApy": 28.540387404445926
    },
    "0x2bcbdd577616357464cfe307bc67f9e820a66e80": {
      "feeApy": 361.7953949558701
    }
  }
}