{
  "timestamp": "2024-11-23T23:03:05.113Z",
  "data": {
    "0x547a116a2622876ce1c8d19d41c683c8f7bec5c0": {
      "feeApy": 0.0005580369946664998
    },
    "0x52ee1ffba696c5e9b0bc177a9f8a3098420ea691": {
      "feeApy": 0.7897002510652216
    },
    "0x330dfc5bc1a63a1dcf1cd5bc9ad3d5e5e61bcb6c": {
      "feeApy": 363.85381522913144
    },
    "0xfa392dbefd2d5ec891ef5aeb87397a89843a8260": {
      "feeApy": 285.78473743685504
    },
    "0xf08bdbc590c59cb7b27a8d224e419ef058952b5f": {
      "feeApy": 10.700309807933706
    },
    "0x2bcbdd577616357464cfe307bc67f9e820a66e80": {
      "feeApy": 227.19137646636267
    }
  }
}