{
  "timestamp": "2024-11-30T22:03:06.838Z",
  "data": {
    "0x547a116a2622876ce1c8d19d41c683c8f7bec5c0": {
      "feeApy": 1.7936236660761669
    },
    "0x52ee1ffba696c5e9b0bc177a9f8a3098420ea691": {
      "feeApy": 0.16194906734743086
    },
    "0x330dfc5bc1a63a1dcf1cd5bc9ad3d5e5e61bcb6c": {
      "feeApy": 12.475619998267968
    },
    "0xfa392dbefd2d5ec891ef5aeb87397a89843a8260": {
      "feeApy": 7.839171445194104
    },
    "0xf08bdbc590c59cb7b27a8d224e419ef058952b5f": {
      "feeApy": 7.455779540947887
    },
    "0x2bcbdd577616357464cfe307bc67f9e820a66e80": {
      "feeApy": 16.0751085948321
    }
  }
}