{
  "timestamp": "2025-01-17T22:03:05.120Z",
  "data": {
    "0x547a116a2622876ce1c8d19d41c683c8f7bec5c0": {
      "feeApy": 0.040359477641226604
    },
    "0x52ee1ffba696c5e9b0bc177a9f8a3098420ea691": {
      "feeApy": 0.17244655655058683
    },
    "0x330dfc5bc1a63a1dcf1cd5bc9ad3d5e5e61bcb6c": {
      "feeApy": 2.347384904186196
    },
    "0xfa392dbefd2d5ec891ef5aeb87397a89843a8260": {
      "feeApy": 39.07613529210156
    },
    "0xf08bdbc590c59cb7b27a8d224e419ef058952b5f": {
      "feeApy": 24.577985996976548
    },
    "0x2bcbdd577616357464cfe307bc67f9e820a66e80": {
      "feeApy": 382.32790241641777
    }
  }
}