{
  "timestamp": "2024-12-05T17:03:30.305Z",
  "data": {
    "0x547a116a2622876ce1c8d19d41c683c8f7bec5c0": {
      "feeApy": 0.1547370496853313
    },
    "0x52ee1ffba696c5e9b0bc177a9f8a3098420ea691": {
      "feeApy": 0.903072578637363
    },
    "0x330dfc5bc1a63a1dcf1cd5bc9ad3d5e5e61bcb6c": {
      "feeApy": 21.23861958988615
    },
    "0xfa392dbefd2d5ec891ef5aeb87397a89843a8260": {
      "feeApy": 3763.3735875556304
    },
    "0xf08bdbc590c59cb7b27a8d224e419ef058952b5f": {
      "feeApy": 4.799690589529946
    },
    "0x2bcbdd577616357464cfe307bc67f9e820a66e80": {
      "feeApy": 105.2942515277742
    }
  }
}