{
  "timestamp": "2025-02-28T00:13:50.502Z",
  "data": {
    "0x547a116a2622876ce1c8d19d41c683c8f7bec5c0": {
      "feeApy": 0.012873685298634197
    },
    "0x52ee1ffba696c5e9b0bc177a9f8a3098420ea691": {
      "feeApy": 0.5603671276720206
    },
    "0x330dfc5bc1a63a1dcf1cd5bc9ad3d5e5e61bcb6c": {
      "feeApy": 0.7080862376800137
    },
    "0xfa392dbefd2d5ec891ef5aeb87397a89843a8260": {
      "feeApy": 1.4851458104090067
    },
    "0xf08bdbc590c59cb7b27a8d224e419ef058952b5f": {
      "feeApy": 0.3869932123518909
    },
    "0x2bcbdd577616357464cfe307bc67f9e820a66e80": {
      "feeApy": 3.190035784171477
    }
  }
}