{
  "timestamp": "2024-12-09T15:03:44.733Z",
  "data": {
    "0x547a116a2622876ce1c8d19d41c683c8f7bec5c0": {
      "feeApy": 0.18378746400426693
    },
    "0x52ee1ffba696c5e9b0bc177a9f8a3098420ea691": {
      "feeApy": 0.07883540554432122
    },
    "0x330dfc5bc1a63a1dcf1cd5bc9ad3d5e5e61bcb6c": {
      "feeApy": 2.59104527552309
    },
    "0xfa392dbefd2d5ec891ef5aeb87397a89843a8260": {
      "feeApy": 2718.054364949882
    },
    "0xf08bdbc590c59cb7b27a8d224e419ef058952b5f": {
      "feeApy": 644416.6292370657
    },
    "0x2bcbdd577616357464cfe307bc67f9e820a66e80": {
      "feeApy": 13.038720862621382
    }
  }
}