{
  "timestamp": "2024-11-28T01:30:59.379Z",
  "data": {
    "0x547a116a2622876ce1c8d19d41c683c8f7bec5c0": {
      "feeApy": 0.010844797765482195
    },
    "0x52ee1ffba696c5e9b0bc177a9f8a3098420ea691": {
      "feeApy": 2.1514177483383694
    },
    "0x330dfc5bc1a63a1dcf1cd5bc9ad3d5e5e61bcb6c": {
      "feeApy": 225.7314525332163
    },
    "0xfa392dbefd2d5ec891ef5aeb87397a89843a8260": {
      "feeApy": 37.404255293094
    },
    "0xf08bdbc590c59cb7b27a8d224e419ef058952b5f": {
      "feeApy": 9751.560906115834
    },
    "0x2bcbdd577616357464cfe307bc67f9e820a66e80": {
      "feeApy": 15.99657331764342
    }
  }
}