{
  "timestamp": "2025-02-22T20:03:09.431Z",
  "data": {
    "0x547a116a2622876ce1c8d19d41c683c8f7bec5c0": {
      "feeApy": 0.0091507137373259
    },
    "0x52ee1ffba696c5e9b0bc177a9f8a3098420ea691": {
      "feeApy": 0.7729435893602494
    },
    "0x330dfc5bc1a63a1dcf1cd5bc9ad3d5e5e61bcb6c": {
      "feeApy": 1.2012376490704573
    },
    "0xfa392dbefd2d5ec891ef5aeb87397a89843a8260": {
      "feeApy": 0.39900540365621096
    },
    "0xf08bdbc590c59cb7b27a8d224e419ef058952b5f": {
      "feeApy": 2.4032676977729395
    },
    "0x2bcbdd577616357464cfe307bc67f9e820a66e80": {
      "feeApy": 7.483437206455754
    }
  }
}