{
  "timestamp": "2024-11-08T09:03:35.117Z",
  "data": {
    "0x547a116a2622876ce1c8d19d41c683c8f7bec5c0": {
      "feeApy": 0.017607349018128327
    },
    "0x52ee1ffba696c5e9b0bc177a9f8a3098420ea691": {
      "feeApy": 0.5760383596284468
    },
    "0x330dfc5bc1a63a1dcf1cd5bc9ad3d5e5e61bcb6c": {
      "feeApy": 3.594787700222544
    },
    "0xfa392dbefd2d5ec891ef5aeb87397a89843a8260": {
      "feeApy": 0.46254334396350294
    },
    "0xf08bdbc590c59cb7b27a8d224e419ef058952b5f": {
      "feeApy": 22.81950349919726
    },
    "0x2bcbdd577616357464cfe307bc67f9e820a66e80": {
      "feeApy": 438.57532879708754
    }
  }
}