{
  "timestamp": "2024-12-12T21:03:24.414Z",
  "data": {
    "0x547a116a2622876ce1c8d19d41c683c8f7bec5c0": {
      "feeApy": 0.03691430817634522
    },
    "0x52ee1ffba696c5e9b0bc177a9f8a3098420ea691": {
      "feeApy": 0.6065664837724749
    },
    "0x330dfc5bc1a63a1dcf1cd5bc9ad3d5e5e61bcb6c": {
      "feeApy": 24.2405592667351
    },
    "0xfa392dbefd2d5ec891ef5aeb87397a89843a8260": {
      "feeApy": 2733.9278325011787
    },
    "0xf08bdbc590c59cb7b27a8d224e419ef058952b5f": {
      "feeApy": 212.6304810640492
    },
    "0x2bcbdd577616357464cfe307bc67f9e820a66e80": {
      "feeApy": 20.990474150094197
    }
  }
}