{
  "timestamp": "2025-02-27T14:03:25.700Z",
  "data": {
    "0x547a116a2622876ce1c8d19d41c683c8f7bec5c0": {
      "feeApy": 0.008695260430457541
    },
    "0x52ee1ffba696c5e9b0bc177a9f8a3098420ea691": {
      "feeApy": 1.900468784803171
    },
    "0x330dfc5bc1a63a1dcf1cd5bc9ad3d5e5e61bcb6c": {
      "feeApy": 0.6174014655226454
    },
    "0xfa392dbefd2d5ec891ef5aeb87397a89843a8260": {
      "feeApy": 2.9098567183267168
    },
    "0xf08bdbc590c59cb7b27a8d224e419ef058952b5f": {
      "feeApy": 1.2518977506429008
    },
    "0x2bcbdd577616357464cfe307bc67f9e820a66e80": {
      "feeApy": 4.824296711073267
    }
  }
}