{
  "timestamp": "2024-12-09T03:18:33.299Z",
  "data": {
    "0x547a116a2622876ce1c8d19d41c683c8f7bec5c0": {
      "feeApy": 0.115793169598007
    },
    "0x52ee1ffba696c5e9b0bc177a9f8a3098420ea691": {
      "feeApy": 0.03565056030432778
    },
    "0x330dfc5bc1a63a1dcf1cd5bc9ad3d5e5e61bcb6c": {
      "feeApy": 1.3007562876643104
    },
    "0xfa392dbefd2d5ec891ef5aeb87397a89843a8260": {
      "feeApy": 36.740503215756654
    },
    "0xf08bdbc590c59cb7b27a8d224e419ef058952b5f": {
      "feeApy": 53870.327965602
    },
    "0x2bcbdd577616357464cfe307bc67f9e820a66e80": {
      "feeApy": 178.62790157212478
    }
  }
}