{
  "timestamp": "2024-11-12T03:05:02.741Z",
  "data": {
    "0x547a116a2622876ce1c8d19d41c683c8f7bec5c0": {
      "feeApy": 0.055890421889612796
    },
    "0x52ee1ffba696c5e9b0bc177a9f8a3098420ea691": {
      "feeApy": 1.706561899765628
    },
    "0x330dfc5bc1a63a1dcf1cd5bc9ad3d5e5e61bcb6c": {
      "feeApy": 23.510326313950912
    },
    "0xfa392dbefd2d5ec891ef5aeb87397a89843a8260": {
      "feeApy": 5.823354252765553
    },
    "0xf08bdbc590c59cb7b27a8d224e419ef058952b5f": {
      "feeApy": 33.42262596003325
    },
    "0x2bcbdd577616357464cfe307bc67f9e820a66e80": {
      "feeApy": 0.869161572689108
    }
  }
}