{
  "timestamp": "2025-03-30T07:03:07.698Z",
  "data": {
    "0x547a116a2622876ce1c8d19d41c683c8f7bec5c0": {
      "feeApy": 0.0048677330899342675
    },
    "0x52ee1ffba696c5e9b0bc177a9f8a3098420ea691": {
      "feeApy": 0.03230722434321209
    },
    "0x330dfc5bc1a63a1dcf1cd5bc9ad3d5e5e61bcb6c": {
      "feeApy": 0.9983955446105128
    },
    "0xfa392dbefd2d5ec891ef5aeb87397a89843a8260": {
      "feeApy": 0.5665590723956513
    },
    "0xf08bdbc590c59cb7b27a8d224e419ef058952b5f": {
      "feeApy": 3.2363688670534048
    },
    "0x2bcbdd577616357464cfe307bc67f9e820a66e80": {
      "feeApy": 0.08488193225644469
    }
  }
}