{
  "timestamp": "2025-02-21T10:03:26.038Z",
  "data": {
    "0x547a116a2622876ce1c8d19d41c683c8f7bec5c0": {
      "feeApy": 0.04928780228374108
    },
    "0x52ee1ffba696c5e9b0bc177a9f8a3098420ea691": {
      "feeApy": 0.15225816427524852
    },
    "0x330dfc5bc1a63a1dcf1cd5bc9ad3d5e5e61bcb6c": {
      "feeApy": 1.919814611931439
    },
    "0xfa392dbefd2d5ec891ef5aeb87397a89843a8260": {
      "feeApy": 4.3819222146351535
    },
    "0xf08bdbc590c59cb7b27a8d224e419ef058952b5f": {
      "feeApy": 2.1453769269776926
    },
    "0x2bcbdd577616357464cfe307bc67f9e820a66e80": {
      "feeApy": 9.129267501307732
    }
  }
}