{
  "timestamp": "2024-12-06T11:03:14.270Z",
  "data": {
    "0x547a116a2622876ce1c8d19d41c683c8f7bec5c0": {
      "feeApy": 0.3474814047110075
    },
    "0x52ee1ffba696c5e9b0bc177a9f8a3098420ea691": {
      "feeApy": 0.3647980503123307
    },
    "0x330dfc5bc1a63a1dcf1cd5bc9ad3d5e5e61bcb6c": {
      "feeApy": 11.030912142693921
    },
    "0xfa392dbefd2d5ec891ef5aeb87397a89843a8260": {
      "feeApy": 955.0055283935421
    },
    "0xf08bdbc590c59cb7b27a8d224e419ef058952b5f": {
      "feeApy": 2.7689608996746133
    },
    "0x2bcbdd577616357464cfe307bc67f9e820a66e80": {
      "feeApy": 25.283141124043297
    }
  }
}