{
  "timestamp": "2024-10-12T16:03:33.281Z",
  "data": {
    "0x0000000000000000000000000000000000000000": {},
    "0x52ee1ffba696c5e9b0bc177a9f8a3098420ea691": {
      "feeApy": 0.042756261497846726
    },
    "0x330dfc5bc1a63a1dcf1cd5bc9ad3d5e5e61bcb6c": {
      "feeApy": 0.5954729564859718
    },
    "0xfa392dbefd2d5ec891ef5aeb87397a89843a8260": {
      "feeApy": 0.2540793425417771
    },
    "0xf08bdbc590c59cb7b27a8d224e419ef058952b5f": {
      "feeApy": 2.695015628582567
    },
    "0x2bcbdd577616357464cfe307bc67f9e820a66e80": {
      "feeApy": 0.0765938921942888
    }
  }
}