{
  "timestamp": "2024-12-13T02:30:51.067Z",
  "data": {
    "0x547a116a2622876ce1c8d19d41c683c8f7bec5c0": {
      "feeApy": 0.0596529488313986
    },
    "0x52ee1ffba696c5e9b0bc177a9f8a3098420ea691": {
      "feeApy": 0.7617774699978821
    },
    "0x330dfc5bc1a63a1dcf1cd5bc9ad3d5e5e61bcb6c": {
      "feeApy": 35.12093176311416
    },
    "0xfa392dbefd2d5ec891ef5aeb87397a89843a8260": {
      "feeApy": 56410.47386751484
    },
    "0xf08bdbc590c59cb7b27a8d224e419ef058952b5f": {
      "feeApy": 473.63423914733124
    },
    "0x2bcbdd577616357464cfe307bc67f9e820a66e80": {
      "feeApy": 27.569254213910572
    }
  }
}