{
  "timestamp": "2025-03-21T02:29:07.715Z",
  "data": {
    "0x547a116a2622876ce1c8d19d41c683c8f7bec5c0": {
      "feeApy": 0.003552982495451218
    },
    "0x52ee1ffba696c5e9b0bc177a9f8a3098420ea691": {
      "feeApy": 0.6038646372333423
    },
    "0x330dfc5bc1a63a1dcf1cd5bc9ad3d5e5e61bcb6c": {
      "feeApy": 0.4133171799430093
    },
    "0xfa392dbefd2d5ec891ef5aeb87397a89843a8260": {
      "feeApy": 0.9021571574577052
    },
    "0xf08bdbc590c59cb7b27a8d224e419ef058952b5f": {
      "feeApy": 100.01586621493493
    },
    "0x2bcbdd577616357464cfe307bc67f9e820a66e80": {
      "feeApy": 24.280761451961467
    }
  }
}