{
  "timestamp": "2024-12-01T02:35:11.827Z",
  "data": {
    "0x547a116a2622876ce1c8d19d41c683c8f7bec5c0": {
      "feeApy": 1.725606772566207
    },
    "0x52ee1ffba696c5e9b0bc177a9f8a3098420ea691": {
      "feeApy": 0.11476876100174005
    },
    "0x330dfc5bc1a63a1dcf1cd5bc9ad3d5e5e61bcb6c": {
      "feeApy": 12.609846877668586
    },
    "0xfa392dbefd2d5ec891ef5aeb87397a89843a8260": {
      "feeApy": 5.859855427659269
    },
    "0xf08bdbc590c59cb7b27a8d224e419ef058952b5f": {
      "feeApy": 4.749277509363398
    },
    "0x2bcbdd577616357464cfe307bc67f9e820a66e80": {
      "feeApy": 17.003146788036624
    }
  }
}