{
  "timestamp": "2025-03-06T15:03:48.991Z",
  "data": {
    "0x547a116a2622876ce1c8d19d41c683c8f7bec5c0": {
      "feeApy": 0.006774352564731689
    },
    "0x52ee1ffba696c5e9b0bc177a9f8a3098420ea691": {
      "feeApy": 0.21820837965405815
    },
    "0x330dfc5bc1a63a1dcf1cd5bc9ad3d5e5e61bcb6c": {
      "feeApy": 2.075533692036453
    },
    "0xfa392dbefd2d5ec891ef5aeb87397a89843a8260": {
      "feeApy": 163.80109049681587
    },
    "0xf08bdbc590c59cb7b27a8d224e419ef058952b5f": {
      "feeApy": 65.17193384067276
    },
    "0x2bcbdd577616357464cfe307bc67f9e820a66e80": {
      "feeApy": 3.6764410042070184
    }
  }
}