{
  "timestamp": "2024-11-24T13:06:54.172Z",
  "data": {
    "0x547a116a2622876ce1c8d19d41c683c8f7bec5c0": {
      "feeApy": 0.002015919617056605
    },
    "0x52ee1ffba696c5e9b0bc177a9f8a3098420ea691": {
      "feeApy": 0.5460514558773533
    },
    "0x330dfc5bc1a63a1dcf1cd5bc9ad3d5e5e61bcb6c": {
      "feeApy": 1430.6143593489603
    },
    "0xfa392dbefd2d5ec891ef5aeb87397a89843a8260": {
      "feeApy": 1017.740717402419
    },
    "0xf08bdbc590c59cb7b27a8d224e419ef058952b5f": {
      "feeApy": 29.802337007902047
    },
    "0x2bcbdd577616357464cfe307bc67f9e820a66e80": {
      "feeApy": 201.95768494752747
    }
  }
}