{
  "timestamp": "2024-11-22T14:03:15.060Z",
  "data": {
    "0x547a116a2622876ce1c8d19d41c683c8f7bec5c0": {
      "feeApy": 0.018380305236715522
    },
    "0x52ee1ffba696c5e9b0bc177a9f8a3098420ea691": {
      "feeApy": 1.339803679178122
    },
    "0x330dfc5bc1a63a1dcf1cd5bc9ad3d5e5e61bcb6c": {
      "feeApy": 925.7946946327824
    },
    "0xfa392dbefd2d5ec891ef5aeb87397a89843a8260": {
      "feeApy": 11.777824698493337
    },
    "0xf08bdbc590c59cb7b27a8d224e419ef058952b5f": {
      "feeApy": 3.9513940736226036
    },
    "0x2bcbdd577616357464cfe307bc67f9e820a66e80": {
      "feeApy": 4.412137462815749
    }
  }
}