{
  "timestamp": "2024-11-28T08:04:50.353Z",
  "data": {
    "0x547a116a2622876ce1c8d19d41c683c8f7bec5c0": {
      "feeApy": 0.010702677038854969
    },
    "0x52ee1ffba696c5e9b0bc177a9f8a3098420ea691": {
      "feeApy": 1.2512308287590321
    },
    "0x330dfc5bc1a63a1dcf1cd5bc9ad3d5e5e61bcb6c": {
      "feeApy": 87.15340780176535
    },
    "0xfa392dbefd2d5ec891ef5aeb87397a89843a8260": {
      "feeApy": 27.510904664315483
    },
    "0xf08bdbc590c59cb7b27a8d224e419ef058952b5f": {
      "feeApy": 14258.976748148301
    },
    "0x2bcbdd577616357464cfe307bc67f9e820a66e80": {
      "feeApy": 7.600324063581462
    }
  }
}