{
  "timestamp": "2024-12-01T07:03:26.225Z",
  "data": {
    "0x547a116a2622876ce1c8d19d41c683c8f7bec5c0": {
      "feeApy": 1.3720297479264478
    },
    "0x52ee1ffba696c5e9b0bc177a9f8a3098420ea691": {
      "feeApy": 0.05653642731942132
    },
    "0x330dfc5bc1a63a1dcf1cd5bc9ad3d5e5e61bcb6c": {
      "feeApy": 7.393333780388689
    },
    "0xfa392dbefd2d5ec891ef5aeb87397a89843a8260": {
      "feeApy": 6.412487122871311
    },
    "0xf08bdbc590c59cb7b27a8d224e419ef058952b5f": {
      "feeApy": 2.768987798585465
    },
    "0x2bcbdd577616357464cfe307bc67f9e820a66e80": {
      "feeApy": 15.512619201244082
    }
  }
}