{
  "timestamp": "2024-11-24T14:02:58.923Z",
  "data": {
    "0x547a116a2622876ce1c8d19d41c683c8f7bec5c0": {
      "feeApy": 0.0020159429729083023
    },
    "0x52ee1ffba696c5e9b0bc177a9f8a3098420ea691": {
      "feeApy": 0.46852986624477144
    },
    "0x330dfc5bc1a63a1dcf1cd5bc9ad3d5e5e61bcb6c": {
      "feeApy": 1393.2440464798199
    },
    "0xfa392dbefd2d5ec891ef5aeb87397a89843a8260": {
      "feeApy": 1009.0198665662564
    },
    "0xf08bdbc590c59cb7b27a8d224e419ef058952b5f": {
      "feeApy": 41.80928784049181
    },
    "0x2bcbdd577616357464cfe307bc67f9e820a66e80": {
      "feeApy": 163.8931381729095
    }
  }
}