{
  "timestamp": "2024-12-13T04:04:15.561Z",
  "data": {
    "0x547a116a2622876ce1c8d19d41c683c8f7bec5c0": {
      "feeApy": 0.061856574938154774
    },
    "0x52ee1ffba696c5e9b0bc177a9f8a3098420ea691": {
      "feeApy": 0.5855680322708281
    },
    "0x330dfc5bc1a63a1dcf1cd5bc9ad3d5e5e61bcb6c": {
      "feeApy": 39.09035553149474
    },
    "0xfa392dbefd2d5ec891ef5aeb87397a89843a8260": {
      "feeApy": 166160.4697847023
    },
    "0xf08bdbc590c59cb7b27a8d224e419ef058952b5f": {
      "feeApy": 1096.8896997410645
    },
    "0x2bcbdd577616357464cfe307bc67f9e820a66e80": {
      "feeApy": 32.01337574830074
    }
  }
}