{
  "timestamp": "2024-12-05T14:03:25.503Z",
  "data": {
    "0x547a116a2622876ce1c8d19d41c683c8f7bec5c0": {
      "feeApy": 0.18638741201732878
    },
    "0x52ee1ffba696c5e9b0bc177a9f8a3098420ea691": {
      "feeApy": 0.8273857875043065
    },
    "0x330dfc5bc1a63a1dcf1cd5bc9ad3d5e5e61bcb6c": {
      "feeApy": 36.4573837139662
    },
    "0xfa392dbefd2d5ec891ef5aeb87397a89843a8260": {
      "feeApy": 4864.611614002222
    },
    "0xf08bdbc590c59cb7b27a8d224e419ef058952b5f": {
      "feeApy": 8.629782184750141
    },
    "0x2bcbdd577616357464cfe307bc67f9e820a66e80": {
      "feeApy": 137.84287432096764
    }
  }
}