{
  "timestamp": "2024-11-24T03:16:57.690Z",
  "data": {
    "0x547a116a2622876ce1c8d19d41c683c8f7bec5c0": {
      "feeApy": 0.0018789436692880912
    },
    "0x52ee1ffba696c5e9b0bc177a9f8a3098420ea691": {
      "feeApy": 0.7611463199126738
    },
    "0x330dfc5bc1a63a1dcf1cd5bc9ad3d5e5e61bcb6c": {
      "feeApy": 260.3306492378053
    },
    "0xfa392dbefd2d5ec891ef5aeb87397a89843a8260": {
      "feeApy": 340.4829987533176
    },
    "0xf08bdbc590c59cb7b27a8d224e419ef058952b5f": {
      "feeApy": 9.87423899470631
    },
    "0x2bcbdd577616357464cfe307bc67f9e820a66e80": {
      "feeApy": 253.16894327552663
    }
  }
}