{
  "timestamp": "2024-11-27T20:03:37.143Z",
  "data": {
    "0x547a116a2622876ce1c8d19d41c683c8f7bec5c0": {
      "feeApy": 0.010858136857854861
    },
    "0x52ee1ffba696c5e9b0bc177a9f8a3098420ea691": {
      "feeApy": 2.68597199238718
    },
    "0x330dfc5bc1a63a1dcf1cd5bc9ad3d5e5e61bcb6c": {
      "feeApy": 79.2713420656176
    },
    "0xfa392dbefd2d5ec891ef5aeb87397a89843a8260": {
      "feeApy": 9.805720447401937
    },
    "0xf08bdbc590c59cb7b27a8d224e419ef058952b5f": {
      "feeApy": 387.9271938765479
    },
    "0x2bcbdd577616357464cfe307bc67f9e820a66e80": {
      "feeApy": 11.896080519939154
    }
  }
}