{
  "timestamp": "2024-12-11T17:03:20.397Z",
  "data": {
    "0x547a116a2622876ce1c8d19d41c683c8f7bec5c0": {
      "feeApy": 0.09835802955651562
    },
    "0x52ee1ffba696c5e9b0bc177a9f8a3098420ea691": {
      "feeApy": 0.390154027851213
    },
    "0x330dfc5bc1a63a1dcf1cd5bc9ad3d5e5e61bcb6c": {
      "feeApy": 49.30652915207331
    },
    "0xfa392dbefd2d5ec891ef5aeb87397a89843a8260": {
      "feeApy": 16.3012551949562
    },
    "0xf08bdbc590c59cb7b27a8d224e419ef058952b5f": {
      "feeApy": 15.31536480218345
    },
    "0x2bcbdd577616357464cfe307bc67f9e820a66e80": {
      "feeApy": 12.825566411150268
    }
  }
}