{
  "timestamp": "2024-12-09T10:04:17.270Z",
  "data": {
    "0x547a116a2622876ce1c8d19d41c683c8f7bec5c0": {
      "feeApy": 0.11433022102515378
    },
    "0x52ee1ffba696c5e9b0bc177a9f8a3098420ea691": {
      "feeApy": 0.06911863750907243
    },
    "0x330dfc5bc1a63a1dcf1cd5bc9ad3d5e5e61bcb6c": {
      "feeApy": 1.5277812605008072
    },
    "0xfa392dbefd2d5ec891ef5aeb87397a89843a8260": {
      "feeApy": 1578.8789674751686
    },
    "0xf08bdbc590c59cb7b27a8d224e419ef058952b5f": {
      "feeApy": 297572.599678286
    },
    "0x2bcbdd577616357464cfe307bc67f9e820a66e80": {
      "feeApy": 28.855417248398755
    }
  }
}