{
  "timestamp": "2024-11-24T09:04:01.129Z",
  "data": {
    "0x547a116a2622876ce1c8d19d41c683c8f7bec5c0": {
      "feeApy": 0.0017424739947573542
    },
    "0x52ee1ffba696c5e9b0bc177a9f8a3098420ea691": {
      "feeApy": 0.6542699823126081
    },
    "0x330dfc5bc1a63a1dcf1cd5bc9ad3d5e5e61bcb6c": {
      "feeApy": 989.635530522638
    },
    "0xfa392dbefd2d5ec891ef5aeb87397a89843a8260": {
      "feeApy": 460.9269170166385
    },
    "0xf08bdbc590c59cb7b27a8d224e419ef058952b5f": {
      "feeApy": 32.14966739648718
    },
    "0x2bcbdd577616357464cfe307bc67f9e820a66e80": {
      "feeApy": 180.4416142873634
    }
  }
}