{
  "timestamp": "2024-12-05T10:04:18.531Z",
  "data": {
    "0x547a116a2622876ce1c8d19d41c683c8f7bec5c0": {
      "feeApy": 0.1579055400431577
    },
    "0x52ee1ffba696c5e9b0bc177a9f8a3098420ea691": {
      "feeApy": 0.7427804648579432
    },
    "0x330dfc5bc1a63a1dcf1cd5bc9ad3d5e5e61bcb6c": {
      "feeApy": 48.90332870823986
    },
    "0xfa392dbefd2d5ec891ef5aeb87397a89843a8260": {
      "feeApy": 7361.813675027257
    },
    "0xf08bdbc590c59cb7b27a8d224e419ef058952b5f": {
      "feeApy": 49.471474849563975
    },
    "0x2bcbdd577616357464cfe307bc67f9e820a66e80": {
      "feeApy": 105.35601008484484
    }
  }
}