{
  "timestamp": "2024-12-12T23:03:37.462Z",
  "data": {
    "0x547a116a2622876ce1c8d19d41c683c8f7bec5c0": {
      "feeApy": 0.03607091101722282
    },
    "0x52ee1ffba696c5e9b0bc177a9f8a3098420ea691": {
      "feeApy": 0.665947325298271
    },
    "0x330dfc5bc1a63a1dcf1cd5bc9ad3d5e5e61bcb6c": {
      "feeApy": 31.209786464162477
    },
    "0xfa392dbefd2d5ec891ef5aeb87397a89843a8260": {
      "feeApy": 5634.674312224875
    },
    "0xf08bdbc590c59cb7b27a8d224e419ef058952b5f": {
      "feeApy": 213.90055068020868
    },
    "0x2bcbdd577616357464cfe307bc67f9e820a66e80": {
      "feeApy": 18.26419538647773
    }
  }
}