{
  "timestamp": "2025-02-21T05:03:33.782Z",
  "data": {
    "0x547a116a2622876ce1c8d19d41c683c8f7bec5c0": {
      "feeApy": 0.03554696146760872
    },
    "0x52ee1ffba696c5e9b0bc177a9f8a3098420ea691": {
      "feeApy": 0.029148431356817328
    },
    "0x330dfc5bc1a63a1dcf1cd5bc9ad3d5e5e61bcb6c": {
      "feeApy": 1.9051170625006555
    },
    "0xfa392dbefd2d5ec891ef5aeb87397a89843a8260": {
      "feeApy": 3.132904026537064
    },
    "0xf08bdbc590c59cb7b27a8d224e419ef058952b5f": {
      "feeApy": 2.0723225393212483
    },
    "0x2bcbdd577616357464cfe307bc67f9e820a66e80": {
      "feeApy": 3.8314663751111935
    }
  }
}