{
  "timestamp": "2025-01-17T20:03:24.165Z",
  "data": {
    "0x547a116a2622876ce1c8d19d41c683c8f7bec5c0": {
      "feeApy": 0.040302311279564185
    },
    "0x52ee1ffba696c5e9b0bc177a9f8a3098420ea691": {
      "feeApy": 0.0739412988591226
    },
    "0x330dfc5bc1a63a1dcf1cd5bc9ad3d5e5e61bcb6c": {
      "feeApy": 2.0628296545548404
    },
    "0xfa392dbefd2d5ec891ef5aeb87397a89843a8260": {
      "feeApy": 49.77461435797138
    },
    "0xf08bdbc590c59cb7b27a8d224e419ef058952b5f": {
      "feeApy": 24.366888642780005
    },
    "0x2bcbdd577616357464cfe307bc67f9e820a66e80": {
      "feeApy": 366.7200707180757
    }
  }
}