{
  "timestamp": "2024-12-13T23:03:22.280Z",
  "data": {
    "0x547a116a2622876ce1c8d19d41c683c8f7bec5c0": {
      "feeApy": 0.08095554340916933
    },
    "0x52ee1ffba696c5e9b0bc177a9f8a3098420ea691": {
      "feeApy": 0.35333791052485597
    },
    "0x330dfc5bc1a63a1dcf1cd5bc9ad3d5e5e61bcb6c": {
      "feeApy": 33.30472583901902
    },
    "0xfa392dbefd2d5ec891ef5aeb87397a89843a8260": {
      "feeApy": 1360.3659757123157
    },
    "0xf08bdbc590c59cb7b27a8d224e419ef058952b5f": {
      "feeApy": 57.199028146274365
    },
    "0x2bcbdd577616357464cfe307bc67f9e820a66e80": {
      "feeApy": 38.78027616863303
    }
  }
}