{
  "timestamp": "2024-12-12T20:04:08.463Z",
  "data": {
    "0x547a116a2622876ce1c8d19d41c683c8f7bec5c0": {
      "feeApy": 0.0383261107010644
    },
    "0x52ee1ffba696c5e9b0bc177a9f8a3098420ea691": {
      "feeApy": 0.6059875173700802
    },
    "0x330dfc5bc1a63a1dcf1cd5bc9ad3d5e5e61bcb6c": {
      "feeApy": 22.339317164828607
    },
    "0xfa392dbefd2d5ec891ef5aeb87397a89843a8260": {
      "feeApy": 1292.2373118335686
    },
    "0xf08bdbc590c59cb7b27a8d224e419ef058952b5f": {
      "feeApy": 217.04854508886694
    },
    "0x2bcbdd577616357464cfe307bc67f9e820a66e80": {
      "feeApy": 21.250362447143214
    }
  }
}