{
  "timestamp": "2024-12-11T15:03:42.338Z",
  "data": {
    "0x547a116a2622876ce1c8d19d41c683c8f7bec5c0": {
      "feeApy": 0.09599913364695101
    },
    "0x52ee1ffba696c5e9b0bc177a9f8a3098420ea691": {
      "feeApy": 0.5871203436374641
    },
    "0x330dfc5bc1a63a1dcf1cd5bc9ad3d5e5e61bcb6c": {
      "feeApy": 165.83288997289085
    },
    "0xfa392dbefd2d5ec891ef5aeb87397a89843a8260": {
      "feeApy": 22.850811549431732
    },
    "0xf08bdbc590c59cb7b27a8d224e419ef058952b5f": {
      "feeApy": 19.531670402917616
    },
    "0x2bcbdd577616357464cfe307bc67f9e820a66e80": {
      "feeApy": 13.201070364397042
    }
  }
}