{
  "timestamp": "2025-03-21T06:04:46.118Z",
  "data": {
    "0x547a116a2622876ce1c8d19d41c683c8f7bec5c0": {
      "feeApy": 0.003413897638747887
    },
    "0x52ee1ffba696c5e9b0bc177a9f8a3098420ea691": {
      "feeApy": 0.6581675444057631
    },
    "0x330dfc5bc1a63a1dcf1cd5bc9ad3d5e5e61bcb6c": {
      "feeApy": 0.41860645656372464
    },
    "0xfa392dbefd2d5ec891ef5aeb87397a89843a8260": {
      "feeApy": 0.7543767378192721
    },
    "0xf08bdbc590c59cb7b27a8d224e419ef058952b5f": {
      "feeApy": 29.101344691913088
    },
    "0x2bcbdd577616357464cfe307bc67f9e820a66e80": {
      "feeApy": 14.937555276593246
    }
  }
}