{
  "timestamp": "2024-11-21T16:04:12.870Z",
  "data": {
    "0x547a116a2622876ce1c8d19d41c683c8f7bec5c0": {
      "feeApy": 0.021882051099932465
    },
    "0x52ee1ffba696c5e9b0bc177a9f8a3098420ea691": {
      "feeApy": 0.562282557564159
    },
    "0x330dfc5bc1a63a1dcf1cd5bc9ad3d5e5e61bcb6c": {
      "feeApy": 245.1696498378394
    },
    "0xfa392dbefd2d5ec891ef5aeb87397a89843a8260": {
      "feeApy": 6.7069531448796
    },
    "0xf08bdbc590c59cb7b27a8d224e419ef058952b5f": {
      "feeApy": 24.242126582164957
    },
    "0x2bcbdd577616357464cfe307bc67f9e820a66e80": {
      "feeApy": 80.53043912507627
    }
  }
}