{
  "timestamp": "2024-12-12T00:14:42.206Z",
  "data": {
    "0x547a116a2622876ce1c8d19d41c683c8f7bec5c0": {
      "feeApy": 0.10319506567303094
    },
    "0x52ee1ffba696c5e9b0bc177a9f8a3098420ea691": {
      "feeApy": 0.2373540533157814
    },
    "0x330dfc5bc1a63a1dcf1cd5bc9ad3d5e5e61bcb6c": {
      "feeApy": 12.793137751923577
    },
    "0xfa392dbefd2d5ec891ef5aeb87397a89843a8260": {
      "feeApy": 10.88169167614857
    },
    "0xf08bdbc590c59cb7b27a8d224e419ef058952b5f": {
      "feeApy": 7.523928941301097
    },
    "0x2bcbdd577616357464cfe307bc67f9e820a66e80": {
      "feeApy": 11.457116636569614
    }
  }
}