{
  "timestamp": "2024-11-17T13:06:50.981Z",
  "data": {
    "0x547a116a2622876ce1c8d19d41c683c8f7bec5c0": {
      "feeApy": 0.05296270124432678
    },
    "0x52ee1ffba696c5e9b0bc177a9f8a3098420ea691": {
      "feeApy": 0.19693739734888172
    },
    "0x330dfc5bc1a63a1dcf1cd5bc9ad3d5e5e61bcb6c": {
      "feeApy": 103.23361733433308
    },
    "0xfa392dbefd2d5ec891ef5aeb87397a89843a8260": {
      "feeApy": 2.73127443151706
    },
    "0xf08bdbc590c59cb7b27a8d224e419ef058952b5f": {
      "feeApy": 5.440431523276036
    },
    "0x2bcbdd577616357464cfe307bc67f9e820a66e80": {
      "feeApy": 19.177797061154056
    }
  }
}