{
  "timestamp": "2024-12-05T11:03:20.314Z",
  "data": {
    "0x547a116a2622876ce1c8d19d41c683c8f7bec5c0": {
      "feeApy": 0.15844364627170848
    },
    "0x52ee1ffba696c5e9b0bc177a9f8a3098420ea691": {
      "feeApy": 0.77485466296739
    },
    "0x330dfc5bc1a63a1dcf1cd5bc9ad3d5e5e61bcb6c": {
      "feeApy": 46.20324234034181
    },
    "0xfa392dbefd2d5ec891ef5aeb87397a89843a8260": {
      "feeApy": 5141.906950607356
    },
    "0xf08bdbc590c59cb7b27a8d224e419ef058952b5f": {
      "feeApy": 52.82648532219635
    },
    "0x2bcbdd577616357464cfe307bc67f9e820a66e80": {
      "feeApy": 106.13931474662034
    }
  }
}