{
  "timestamp": "2025-01-17T14:03:03.949Z",
  "data": {
    "0x547a116a2622876ce1c8d19d41c683c8f7bec5c0": {
      "feeApy": 0.022401760590464947
    },
    "0x52ee1ffba696c5e9b0bc177a9f8a3098420ea691": {
      "feeApy": 0.08699574138576294
    },
    "0x330dfc5bc1a63a1dcf1cd5bc9ad3d5e5e61bcb6c": {
      "feeApy": 2.58386866448729
    },
    "0xfa392dbefd2d5ec891ef5aeb87397a89843a8260": {
      "feeApy": 182.89174060564196
    },
    "0xf08bdbc590c59cb7b27a8d224e419ef058952b5f": {
      "feeApy": 45.78439477998441
    },
    "0x2bcbdd577616357464cfe307bc67f9e820a66e80": {
      "feeApy": 365.99834039067696
    }
  }
}