{
  "timestamp": "2024-11-24T17:03:05.984Z",
  "data": {
    "0x547a116a2622876ce1c8d19d41c683c8f7bec5c0": {
      "feeApy": 0.0020159429729083023
    },
    "0x52ee1ffba696c5e9b0bc177a9f8a3098420ea691": {
      "feeApy": 0.29514061746762343
    },
    "0x330dfc5bc1a63a1dcf1cd5bc9ad3d5e5e61bcb6c": {
      "feeApy": 339.2477860122887
    },
    "0xfa392dbefd2d5ec891ef5aeb87397a89843a8260": {
      "feeApy": 1490.8922258192565
    },
    "0xf08bdbc590c59cb7b27a8d224e419ef058952b5f": {
      "feeApy": 49.04381482452089
    },
    "0x2bcbdd577616357464cfe307bc67f9e820a66e80": {
      "feeApy": 47.304103977931504
    }
  }
}