{
  "timestamp": "2024-11-19T15:03:30.861Z",
  "data": {
    "0x547a116a2622876ce1c8d19d41c683c8f7bec5c0": {
      "feeApy": 0.32859753287698035
    },
    "0x52ee1ffba696c5e9b0bc177a9f8a3098420ea691": {
      "feeApy": 0.36801690274557486
    },
    "0x330dfc5bc1a63a1dcf1cd5bc9ad3d5e5e61bcb6c": {
      "feeApy": 51.20461491355041
    },
    "0xfa392dbefd2d5ec891ef5aeb87397a89843a8260": {
      "feeApy": 27.519066672160584
    },
    "0xf08bdbc590c59cb7b27a8d224e419ef058952b5f": {
      "feeApy": 251.04747419348405
    },
    "0x2bcbdd577616357464cfe307bc67f9e820a66e80": {
      "feeApy": 8.197631221503675
    }
  }
}