{
  "timestamp": "2025-01-17T21:03:04.545Z",
  "data": {
    "0x547a116a2622876ce1c8d19d41c683c8f7bec5c0": {
      "feeApy": 0.04031279455087744
    },
    "0x52ee1ffba696c5e9b0bc177a9f8a3098420ea691": {
      "feeApy": 0.13609275249270492
    },
    "0x330dfc5bc1a63a1dcf1cd5bc9ad3d5e5e61bcb6c": {
      "feeApy": 2.2649269566076575
    },
    "0xfa392dbefd2d5ec891ef5aeb87397a89843a8260": {
      "feeApy": 46.988869244238494
    },
    "0xf08bdbc590c59cb7b27a8d224e419ef058952b5f": {
      "feeApy": 21.205010501087056
    },
    "0x2bcbdd577616357464cfe307bc67f9e820a66e80": {
      "feeApy": 375.37203427602486
    }
  }
}