{
  "timestamp": "2025-03-20T23:03:48.103Z",
  "data": {
    "0x547a116a2622876ce1c8d19d41c683c8f7bec5c0": {
      "feeApy": 0.0036704742256816747
    },
    "0x52ee1ffba696c5e9b0bc177a9f8a3098420ea691": {
      "feeApy": 0.987604850969978
    },
    "0x330dfc5bc1a63a1dcf1cd5bc9ad3d5e5e61bcb6c": {
      "feeApy": 0.4599589473239001
    },
    "0xfa392dbefd2d5ec891ef5aeb87397a89843a8260": {
      "feeApy": 1.1325491351841066
    },
    "0xf08bdbc590c59cb7b27a8d224e419ef058952b5f": {
      "feeApy": 183.50994733137372
    },
    "0x2bcbdd577616357464cfe307bc67f9e820a66e80": {
      "feeApy": 18.197340547530402
    }
  }
}