{
  "timestamp": "2024-12-01T13:07:52.077Z",
  "data": {
    "0x547a116a2622876ce1c8d19d41c683c8f7bec5c0": {
      "feeApy": 0.7538532295465978
    },
    "0x52ee1ffba696c5e9b0bc177a9f8a3098420ea691": {
      "feeApy": 0.044688301327311386
    },
    "0x330dfc5bc1a63a1dcf1cd5bc9ad3d5e5e61bcb6c": {
      "feeApy": 6.103987725808715
    },
    "0xfa392dbefd2d5ec891ef5aeb87397a89843a8260": {
      "feeApy": 5.275260769369301
    },
    "0xf08bdbc590c59cb7b27a8d224e419ef058952b5f": {
      "feeApy": 2.340261778566796
    },
    "0x2bcbdd577616357464cfe307bc67f9e820a66e80": {
      "feeApy": 8.936050478164296
    }
  }
}