{
  "timestamp": "2025-01-17T19:03:05.608Z",
  "data": {
    "0x547a116a2622876ce1c8d19d41c683c8f7bec5c0": {
      "feeApy": 0.039872339229549913
    },
    "0x52ee1ffba696c5e9b0bc177a9f8a3098420ea691": {
      "feeApy": 0.07483530588029375
    },
    "0x330dfc5bc1a63a1dcf1cd5bc9ad3d5e5e61bcb6c": {
      "feeApy": 2.073953117695423
    },
    "0xfa392dbefd2d5ec891ef5aeb87397a89843a8260": {
      "feeApy": 57.29149793690369
    },
    "0xf08bdbc590c59cb7b27a8d224e419ef058952b5f": {
      "feeApy": 8.350527795550258
    },
    "0x2bcbdd577616357464cfe307bc67f9e820a66e80": {
      "feeApy": 366.30315747288233
    }
  }
}