{
  "timestamp": "2024-11-24T08:03:57.705Z",
  "data": {
    "0x547a116a2622876ce1c8d19d41c683c8f7bec5c0": {
      "feeApy": 0.0017424739947573542
    },
    "0x52ee1ffba696c5e9b0bc177a9f8a3098420ea691": {
      "feeApy": 0.7618935508507654
    },
    "0x330dfc5bc1a63a1dcf1cd5bc9ad3d5e5e61bcb6c": {
      "feeApy": 493.0622351935892
    },
    "0xfa392dbefd2d5ec891ef5aeb87397a89843a8260": {
      "feeApy": 639.7279985736072
    },
    "0xf08bdbc590c59cb7b27a8d224e419ef058952b5f": {
      "feeApy": 32.342063671046205
    },
    "0x2bcbdd577616357464cfe307bc67f9e820a66e80": {
      "feeApy": 188.50697210353505
    }
  }
}