{
  "timestamp": "2025-01-17T13:06:16.408Z",
  "data": {
    "0x547a116a2622876ce1c8d19d41c683c8f7bec5c0": {
      "feeApy": 0.02192145436604953
    },
    "0x52ee1ffba696c5e9b0bc177a9f8a3098420ea691": {
      "feeApy": 0.09298430403401303
    },
    "0x330dfc5bc1a63a1dcf1cd5bc9ad3d5e5e61bcb6c": {
      "feeApy": 3.1381910905987365
    },
    "0xfa392dbefd2d5ec891ef5aeb87397a89843a8260": {
      "feeApy": 253.6430237840175
    },
    "0xf08bdbc590c59cb7b27a8d224e419ef058952b5f": {
      "feeApy": 47.83677175066187
    },
    "0x2bcbdd577616357464cfe307bc67f9e820a66e80": {
      "feeApy": 331.20725817878616
    }
  }
}