{
  "timestamp": "2025-02-04T02:22:51.585Z",
  "data": {
    "0x547a116a2622876ce1c8d19d41c683c8f7bec5c0": {
      "feeApy": 0.18464099179866
    },
    "0x52ee1ffba696c5e9b0bc177a9f8a3098420ea691": {
      "feeApy": 18.4274767702492
    },
    "0x330dfc5bc1a63a1dcf1cd5bc9ad3d5e5e61bcb6c": {
      "feeApy": 389.5263502291677
    },
    "0xfa392dbefd2d5ec891ef5aeb87397a89843a8260": {
      "feeApy": 6052.083315391002
    },
    "0xf08bdbc590c59cb7b27a8d224e419ef058952b5f": {
      "feeApy": 363.101832200811
    },
    "0x2bcbdd577616357464cfe307bc67f9e820a66e80": {
      "feeApy": 3.035821366089558
    }
  }
}