{
  "timestamp": "2024-11-07T12:05:24.940Z",
  "data": {
    "0x547a116a2622876ce1c8d19d41c683c8f7bec5c0": {
      "feeApy": 0.1737682249157666
    },
    "0x52ee1ffba696c5e9b0bc177a9f8a3098420ea691": {
      "feeApy": 0.7279896560418522
    },
    "0x330dfc5bc1a63a1dcf1cd5bc9ad3d5e5e61bcb6c": {
      "feeApy": 4.153745917232492
    },
    "0xfa392dbefd2d5ec891ef5aeb87397a89843a8260": {
      "feeApy": 0.7625584917073913
    },
    "0xf08bdbc590c59cb7b27a8d224e419ef058952b5f": {
      "feeApy": 44.47997310886911
    },
    "0x2bcbdd577616357464cfe307bc67f9e820a66e80": {
      "feeApy": 21953.88769485491
    }
  }
}