{
  "timestamp": "2024-11-27T14:03:24.845Z",
  "data": {
    "0x547a116a2622876ce1c8d19d41c683c8f7bec5c0": {
      "feeApy": 0.009401402678183013
    },
    "0x52ee1ffba696c5e9b0bc177a9f8a3098420ea691": {
      "feeApy": 2.44024395308677
    },
    "0x330dfc5bc1a63a1dcf1cd5bc9ad3d5e5e61bcb6c": {
      "feeApy": 62.805603735948104
    },
    "0xfa392dbefd2d5ec891ef5aeb87397a89843a8260": {
      "feeApy": 9.785668825297527
    },
    "0xf08bdbc590c59cb7b27a8d224e419ef058952b5f": {
      "feeApy": 5.084538811798823
    },
    "0x2bcbdd577616357464cfe307bc67f9e820a66e80": {
      "feeApy": 9.189088543029307
    }
  }
}