{
  "timestamp": "2025-02-21T19:03:06.947Z",
  "data": {
    "0x547a116a2622876ce1c8d19d41c683c8f7bec5c0": {
      "feeApy": 0.021997244500717272
    },
    "0x52ee1ffba696c5e9b0bc177a9f8a3098420ea691": {
      "feeApy": 0.38127192234004736
    },
    "0x330dfc5bc1a63a1dcf1cd5bc9ad3d5e5e61bcb6c": {
      "feeApy": 1.8315310012607555
    },
    "0xfa392dbefd2d5ec891ef5aeb87397a89843a8260": {
      "feeApy": 6.9969688323013335
    },
    "0xf08bdbc590c59cb7b27a8d224e419ef058952b5f": {
      "feeApy": 2.9130258385420995
    },
    "0x2bcbdd577616357464cfe307bc67f9e820a66e80": {
      "feeApy": 38.77366875974009
    }
  }
}