{
  "timestamp": "2024-12-23T08:04:32.109Z",
  "data": {
    "0x547a116a2622876ce1c8d19d41c683c8f7bec5c0": {
      "feeApy": 0.052100837424645
    },
    "0x52ee1ffba696c5e9b0bc177a9f8a3098420ea691": {
      "feeApy": 0.29147557437853844
    },
    "0x330dfc5bc1a63a1dcf1cd5bc9ad3d5e5e61bcb6c": {
      "feeApy": 7.45366793116667
    },
    "0xfa392dbefd2d5ec891ef5aeb87397a89843a8260": {
      "feeApy": 14.150328896930668
    },
    "0xf08bdbc590c59cb7b27a8d224e419ef058952b5f": {
      "feeApy": 5.760422617277872
    },
    "0x2bcbdd577616357464cfe307bc67f9e820a66e80": {
      "feeApy": 1.534236932368512
    }
  }
}