{
  "timestamp": "2025-02-22T08:03:43.385Z",
  "data": {
    "0x547a116a2622876ce1c8d19d41c683c8f7bec5c0": {
      "feeApy": 0.009595882567170033
    },
    "0x52ee1ffba696c5e9b0bc177a9f8a3098420ea691": {
      "feeApy": 0.39823368322162733
    },
    "0x330dfc5bc1a63a1dcf1cd5bc9ad3d5e5e61bcb6c": {
      "feeApy": 2.436794020598998
    },
    "0xfa392dbefd2d5ec891ef5aeb87397a89843a8260": {
      "feeApy": 5.905583893306416
    },
    "0xf08bdbc590c59cb7b27a8d224e419ef058952b5f": {
      "feeApy": 5.0772478120371405
    },
    "0x2bcbdd577616357464cfe307bc67f9e820a66e80": {
      "feeApy": 31.872943993414772
    }
  }
}