{
  "timestamp": "2024-11-23T17:03:47.832Z",
  "data": {
    "0x547a116a2622876ce1c8d19d41c683c8f7bec5c0": {
      "feeApy": 0.0357570455286893
    },
    "0x52ee1ffba696c5e9b0bc177a9f8a3098420ea691": {
      "feeApy": 0.8338560940530397
    },
    "0x330dfc5bc1a63a1dcf1cd5bc9ad3d5e5e61bcb6c": {
      "feeApy": 179.96867433132667
    },
    "0xfa392dbefd2d5ec891ef5aeb87397a89843a8260": {
      "feeApy": 272.4395957639965
    },
    "0xf08bdbc590c59cb7b27a8d224e419ef058952b5f": {
      "feeApy": 4.522869805529262
    },
    "0x2bcbdd577616357464cfe307bc67f9e820a66e80": {
      "feeApy": 30.215674066148967
    }
  }
}