{
  "timestamp": "2025-02-10T10:03:57.003Z",
  "data": {
    "0x547a116a2622876ce1c8d19d41c683c8f7bec5c0": {
      "feeApy": 0.021817185579950715
    },
    "0x52ee1ffba696c5e9b0bc177a9f8a3098420ea691": {
      "feeApy": 0.21563769011697342
    },
    "0x330dfc5bc1a63a1dcf1cd5bc9ad3d5e5e61bcb6c": {
      "feeApy": 2.9397981115505014
    },
    "0xfa392dbefd2d5ec891ef5aeb87397a89843a8260": {
      "feeApy": 11.758712441644372
    },
    "0xf08bdbc590c59cb7b27a8d224e419ef058952b5f": {
      "feeApy": 215941807424979.66
    },
    "0x2bcbdd577616357464cfe307bc67f9e820a66e80": {
      "feeApy": 2.6931270089514134
    }
  }
}