{
  "timestamp": "2024-12-09T06:05:00.831Z",
  "data": {
    "0x547a116a2622876ce1c8d19d41c683c8f7bec5c0": {
      "feeApy": 0.11650176459473305
    },
    "0x52ee1ffba696c5e9b0bc177a9f8a3098420ea691": {
      "feeApy": 0.03796496875530764
    },
    "0x330dfc5bc1a63a1dcf1cd5bc9ad3d5e5e61bcb6c": {
      "feeApy": 1.3668579086462391
    },
    "0xfa392dbefd2d5ec891ef5aeb87397a89843a8260": {
      "feeApy": 628.8975386151893
    },
    "0xf08bdbc590c59cb7b27a8d224e419ef058952b5f": {
      "feeApy": 135792.6555076812
    },
    "0x2bcbdd577616357464cfe307bc67f9e820a66e80": {
      "feeApy": 243.20830705276737
    }
  }
}