{
  "timestamp": "2025-03-19T13:09:05.937Z",
  "data": {
    "0x547a116a2622876ce1c8d19d41c683c8f7bec5c0": {
      "feeApy": 0.004842408014584576
    },
    "0x52ee1ffba696c5e9b0bc177a9f8a3098420ea691": {
      "feeApy": 1.4963219028807524
    },
    "0x330dfc5bc1a63a1dcf1cd5bc9ad3d5e5e61bcb6c": {
      "feeApy": 1.8199648253511356
    },
    "0xfa392dbefd2d5ec891ef5aeb87397a89843a8260": {
      "feeApy": 0.3674773520413872
    },
    "0xf08bdbc590c59cb7b27a8d224e419ef058952b5f": {
      "feeApy": 3.490789918950197
    },
    "0x2bcbdd577616357464cfe307bc67f9e820a66e80": {
      "feeApy": 390.288215721843
    }
  }
}