{
  "timestamp": "2024-12-08T23:03:20.451Z",
  "data": {
    "0x547a116a2622876ce1c8d19d41c683c8f7bec5c0": {
      "feeApy": 0.11054376020648493
    },
    "0x52ee1ffba696c5e9b0bc177a9f8a3098420ea691": {
      "feeApy": 0.023136994642299458
    },
    "0x330dfc5bc1a63a1dcf1cd5bc9ad3d5e5e61bcb6c": {
      "feeApy": 1.3768597808713126
    },
    "0xfa392dbefd2d5ec891ef5aeb87397a89843a8260": {
      "feeApy": 9.210358066038358
    },
    "0xf08bdbc590c59cb7b27a8d224e419ef058952b5f": {
      "feeApy": 16444.479914283664
    },
    "0x2bcbdd577616357464cfe307bc67f9e820a66e80": {
      "feeApy": 123.99774569004661
    }
  }
}