{
  "timestamp": "2025-03-21T10:03:50.955Z",
  "data": {
    "0x547a116a2622876ce1c8d19d41c683c8f7bec5c0": {
      "feeApy": 0.0033984412969405575
    },
    "0x52ee1ffba696c5e9b0bc177a9f8a3098420ea691": {
      "feeApy": 0.5379816416181962
    },
    "0x330dfc5bc1a63a1dcf1cd5bc9ad3d5e5e61bcb6c": {
      "feeApy": 0.4181208425861853
    },
    "0xfa392dbefd2d5ec891ef5aeb87397a89843a8260": {
      "feeApy": 0.702867637836587
    },
    "0xf08bdbc590c59cb7b27a8d224e419ef058952b5f": {
      "feeApy": 22.508051267220583
    },
    "0x2bcbdd577616357464cfe307bc67f9e820a66e80": {
      "feeApy": 12.402392269381247
    }
  }
}