{
  "timestamp": "2025-03-11T01:30:46.766Z",
  "data": {
    "0x547a116a2622876ce1c8d19d41c683c8f7bec5c0": {
      "feeApy": 0.02655659817796452
    },
    "0x52ee1ffba696c5e9b0bc177a9f8a3098420ea691": {
      "feeApy": 1.6370890225850916
    },
    "0x330dfc5bc1a63a1dcf1cd5bc9ad3d5e5e61bcb6c": {
      "feeApy": 2.6088597242846254
    },
    "0xfa392dbefd2d5ec891ef5aeb87397a89843a8260": {
      "feeApy": 6.4554789841244835
    },
    "0xf08bdbc590c59cb7b27a8d224e419ef058952b5f": {
      "feeApy": 9727.016438030283
    },
    "0x2bcbdd577616357464cfe307bc67f9e820a66e80": {
      "feeApy": 41.928513894168326
    }
  }
}