{
  "timestamp": "2025-03-10T21:03:09.986Z",
  "data": {
    "0x547a116a2622876ce1c8d19d41c683c8f7bec5c0": {
      "feeApy": 0.026939976450445435
    },
    "0x52ee1ffba696c5e9b0bc177a9f8a3098420ea691": {
      "feeApy": 1.4406333469832724
    },
    "0x330dfc5bc1a63a1dcf1cd5bc9ad3d5e5e61bcb6c": {
      "feeApy": 1.8664099688597902
    },
    "0xfa392dbefd2d5ec891ef5aeb87397a89843a8260": {
      "feeApy": 9.299691838693311
    },
    "0xf08bdbc590c59cb7b27a8d224e419ef058952b5f": {
      "feeApy": 4878.087068383435
    },
    "0x2bcbdd577616357464cfe307bc67f9e820a66e80": {
      "feeApy": 50.62474426616547
    }
  }
}