{
  "timestamp": "2025-03-21T04:04:13.834Z",
  "data": {
    "0x547a116a2622876ce1c8d19d41c683c8f7bec5c0": {
      "feeApy": 0.003501615976204908
    },
    "0x52ee1ffba696c5e9b0bc177a9f8a3098420ea691": {
      "feeApy": 0.6622471760746804
    },
    "0x330dfc5bc1a63a1dcf1cd5bc9ad3d5e5e61bcb6c": {
      "feeApy": 0.4170390114180711
    },
    "0xfa392dbefd2d5ec891ef5aeb87397a89843a8260": {
      "feeApy": 0.8959628334070986
    },
    "0xf08bdbc590c59cb7b27a8d224e419ef058952b5f": {
      "feeApy": 65.69265931449247
    },
    "0x2bcbdd577616357464cfe307bc67f9e820a66e80": {
      "feeApy": 17.7339178961948
    }
  }
}