{
  "timestamp": "2024-12-12T19:03:09.640Z",
  "data": {
    "0x547a116a2622876ce1c8d19d41c683c8f7bec5c0": {
      "feeApy": 0.04028061999704158
    },
    "0x52ee1ffba696c5e9b0bc177a9f8a3098420ea691": {
      "feeApy": 0.6017097932342719
    },
    "0x330dfc5bc1a63a1dcf1cd5bc9ad3d5e5e61bcb6c": {
      "feeApy": 17.865636111559322
    },
    "0xfa392dbefd2d5ec891ef5aeb87397a89843a8260": {
      "feeApy": 1210.7963569791689
    },
    "0xf08bdbc590c59cb7b27a8d224e419ef058952b5f": {
      "feeApy": 168.4698577547126
    },
    "0x2bcbdd577616357464cfe307bc67f9e820a66e80": {
      "feeApy": 16.381156842379276
    }
  }
}