{
  "timestamp": "2025-03-10T14:03:31.020Z",
  "data": {
    "0x547a116a2622876ce1c8d19d41c683c8f7bec5c0": {
      "feeApy": 0.02733457421211427
    },
    "0x52ee1ffba696c5e9b0bc177a9f8a3098420ea691": {
      "feeApy": 1.398731751897747
    },
    "0x330dfc5bc1a63a1dcf1cd5bc9ad3d5e5e61bcb6c": {
      "feeApy": 1.0647079520772835
    },
    "0xfa392dbefd2d5ec891ef5aeb87397a89843a8260": {
      "feeApy": 5.272731815942689
    },
    "0xf08bdbc590c59cb7b27a8d224e419ef058952b5f": {
      "feeApy": 426.5840528076992
    },
    "0x2bcbdd577616357464cfe307bc67f9e820a66e80": {
      "feeApy": 32.502971595186736
    }
  }
}