{
  "timestamp": "2024-12-06T07:03:35.935Z",
  "data": {
    "0x547a116a2622876ce1c8d19d41c683c8f7bec5c0": {
      "feeApy": 0.34782458035539987
    },
    "0x52ee1ffba696c5e9b0bc177a9f8a3098420ea691": {
      "feeApy": 0.4752686088388749
    },
    "0x330dfc5bc1a63a1dcf1cd5bc9ad3d5e5e61bcb6c": {
      "feeApy": 10.04722042626534
    },
    "0xfa392dbefd2d5ec891ef5aeb87397a89843a8260": {
      "feeApy": 1100.1363236742216
    },
    "0xf08bdbc590c59cb7b27a8d224e419ef058952b5f": {
      "feeApy": 2.7611611564060983
    },
    "0x2bcbdd577616357464cfe307bc67f9e820a66e80": {
      "feeApy": 31.791593698515292
    }
  }
}