{
  "timestamp": "2024-12-06T06:04:57.202Z",
  "data": {
    "0x547a116a2622876ce1c8d19d41c683c8f7bec5c0": {
      "feeApy": 0.34409206956535177
    },
    "0x52ee1ffba696c5e9b0bc177a9f8a3098420ea691": {
      "feeApy": 0.5252111873252214
    },
    "0x330dfc5bc1a63a1dcf1cd5bc9ad3d5e5e61bcb6c": {
      "feeApy": 9.939040142914095
    },
    "0xfa392dbefd2d5ec891ef5aeb87397a89843a8260": {
      "feeApy": 1356.5035433103706
    },
    "0xf08bdbc590c59cb7b27a8d224e419ef058952b5f": {
      "feeApy": 2.213930350455715
    },
    "0x2bcbdd577616357464cfe307bc67f9e820a66e80": {
      "feeApy": 32.12371058669601
    }
  }
}