{
  "timestamp": "2025-03-23T01:30:55.505Z",
  "data": {
    "0x547a116a2622876ce1c8d19d41c683c8f7bec5c0": {
      "feeApy": 0.058321513044848894
    },
    "0x52ee1ffba696c5e9b0bc177a9f8a3098420ea691": {
      "feeApy": 0.2597906923571116
    },
    "0x330dfc5bc1a63a1dcf1cd5bc9ad3d5e5e61bcb6c": {
      "feeApy": 0.3378221964977597
    },
    "0xfa392dbefd2d5ec891ef5aeb87397a89843a8260": {
      "feeApy": 0.30354224768618865
    },
    "0xf08bdbc590c59cb7b27a8d224e419ef058952b5f": {
      "feeApy": 5.147281364922329
    },
    "0x2bcbdd577616357464cfe307bc67f9e820a66e80": {
      "feeApy": 6.066463738100878
    }
  }
}