{
  "timestamp": "2024-12-05T12:05:57.799Z",
  "data": {
    "0x547a116a2622876ce1c8d19d41c683c8f7bec5c0": {
      "feeApy": 0.23806288701873446
    },
    "0x52ee1ffba696c5e9b0bc177a9f8a3098420ea691": {
      "feeApy": 0.7845454562377161
    },
    "0x330dfc5bc1a63a1dcf1cd5bc9ad3d5e5e61bcb6c": {
      "feeApy": 44.21991994264062
    },
    "0xfa392dbefd2d5ec891ef5aeb87397a89843a8260": {
      "feeApy": 6616.882335908474
    },
    "0xf08bdbc590c59cb7b27a8d224e419ef058952b5f": {
      "feeApy": 55.422463114535766
    },
    "0x2bcbdd577616357464cfe307bc67f9e820a66e80": {
      "feeApy": 113.69182542537226
    }
  }
}