{
  "timestamp": "2025-03-20T22:03:18.986Z",
  "data": {
    "0x547a116a2622876ce1c8d19d41c683c8f7bec5c0": {
      "feeApy": 0.0036289330497132344
    },
    "0x52ee1ffba696c5e9b0bc177a9f8a3098420ea691": {
      "feeApy": 0.9813107796154286
    },
    "0x330dfc5bc1a63a1dcf1cd5bc9ad3d5e5e61bcb6c": {
      "feeApy": 0.4579352708970932
    },
    "0xfa392dbefd2d5ec891ef5aeb87397a89843a8260": {
      "feeApy": 1.2700049501978121
    },
    "0xf08bdbc590c59cb7b27a8d224e419ef058952b5f": {
      "feeApy": 183.45248475273675
    },
    "0x2bcbdd577616357464cfe307bc67f9e820a66e80": {
      "feeApy": 18.59970930564856
    }
  }
}