{
  "timestamp": "2024-11-24T01:30:58.193Z",
  "data": {
    "0x547a116a2622876ce1c8d19d41c683c8f7bec5c0": {
      "feeApy": 0.0018454280065578477
    },
    "0x52ee1ffba696c5e9b0bc177a9f8a3098420ea691": {
      "feeApy": 0.7618632299786714
    },
    "0x330dfc5bc1a63a1dcf1cd5bc9ad3d5e5e61bcb6c": {
      "feeApy": 358.1340237825777
    },
    "0xfa392dbefd2d5ec891ef5aeb87397a89843a8260": {
      "feeApy": 370.33790473653625
    },
    "0xf08bdbc590c59cb7b27a8d224e419ef058952b5f": {
      "feeApy": 10.00940020783016
    },
    "0x2bcbdd577616357464cfe307bc67f9e820a66e80": {
      "feeApy": 296.7164054991202
    }
  }
}