{
  "timestamp": "2024-11-05T20:03:48.564Z",
  "data": {
    "0x547a116a2622876ce1c8d19d41c683c8f7bec5c0": {
      "feeApy": 0.03093152695887147
    },
    "0x52ee1ffba696c5e9b0bc177a9f8a3098420ea691": {
      "feeApy": 0.016483057207447027
    },
    "0x330dfc5bc1a63a1dcf1cd5bc9ad3d5e5e61bcb6c": {
      "feeApy": 0.7000000958836821
    },
    "0xfa392dbefd2d5ec891ef5aeb87397a89843a8260": {
      "feeApy": 1.7404145018111636
    },
    "0xf08bdbc590c59cb7b27a8d224e419ef058952b5f": {
      "feeApy": 5.108150483566515
    },
    "0x2bcbdd577616357464cfe307bc67f9e820a66e80": {
      "feeApy": 0.6977016036275714
    }
  }
}