{
  "timestamp": "2025-01-17T18:04:05.983Z",
  "data": {
    "0x547a116a2622876ce1c8d19d41c683c8f7bec5c0": {
      "feeApy": 0.038187052202650396
    },
    "0x52ee1ffba696c5e9b0bc177a9f8a3098420ea691": {
      "feeApy": 0.08292217943008096
    },
    "0x330dfc5bc1a63a1dcf1cd5bc9ad3d5e5e61bcb6c": {
      "feeApy": 2.0852101984222298
    },
    "0xfa392dbefd2d5ec891ef5aeb87397a89843a8260": {
      "feeApy": 64.23069420105757
    },
    "0xf08bdbc590c59cb7b27a8d224e419ef058952b5f": {
      "feeApy": 26.87379017370125
    },
    "0x2bcbdd577616357464cfe307bc67f9e820a66e80": {
      "feeApy": 382.0455119692258
    }
  }
}